trip_id,route_id,vehicle_id,direction,service_date,sched_departure,actual_departure,sched_arrival,actual_arrival,sched_travel_min,delay_min,status
T0000001,R001,V108,outbound,2025-10-02,2025-10-02 18:18:00,2025-10-02 18:20:42,2025-10-02 19:29:00,2025-10-02 19:35:42,71.0,6.7,completed
T0000002,R001,V198,inbound,2025-10-03,2025-10-03 14:04:00,2025-10-03 14:05:12,2025-10-03 15:17:00,2025-10-03 15:19:54,73.0,2.9,cancelled
T0000003,R001,V245,outbound,2025-10-03,2025-10-03 16:02:00,2025-10-03 16:06:06,2025-10-03 17:04:00,2025-10-03 17:14:12,62.0,10.2,completed
T0000004,R001,V117,outbound,2025-10-05,2025-10-05 10:25:00,2025-10-05 10:26:06,2025-10-05 11:28:00,2025-10-05 11:30:42,63.0,2.7,cancelled
T0000005,R001,V035,outbound,2025-10-06,2025-10-06 06:55:00,2025-10-06 06:58:18,2025-10-06 08:02:00,2025-10-06 08:10:18,67.0,8.3,completed
T0000006,R001,V201,outbound,2025-10-08,2025-10-08 10:49:00,2025-10-08 10:51:00,2025-10-08 11:54:00,2025-10-08 11:58:54,65.0,4.9,completed
T0000007,R001,V175,inbound,2025-10-08,2025-10-08 10:06:00,2025-10-08 10:07:48,2025-10-08 11:10:00,2025-10-08 11:14:30,64.0,4.5,completed
T0000008,R001,V175,outbound,2025-10-08,2025-10-08 16:39:00,2025-10-08 16:41:06,2025-10-08 17:46:00,2025-10-08 17:51:18,67.0,5.3,completed
T0000009,R001,V193,inbound,2025-10-08,2025-10-08 16:49:00,2025-10-08 16:50:42,2025-10-08 17:52:00,2025-10-08 17:56:18,63.0,4.3,cancelled
T0000010,R001,V012,outbound,2025-10-09,2025-10-09 07:02:00,2025-10-09 07:01:36,2025-10-09 08:15:00,2025-10-09 08:13:54,73.0,-1.1,completed
T0000011,R001,V113,inbound,2025-10-09,2025-10-09 12:42:00,2025-10-09 12:42:54,2025-10-09 13:45:00,2025-10-09 13:47:12,63.0,2.2,completed
T0000012,R001,V094,outbound,2025-10-09,2025-10-09 08:14:00,2025-10-09 08:17:54,2025-10-09 09:27:00,2025-10-09 09:36:42,73.0,9.7,completed
T0000013,R001,V160,outbound,2025-10-09,2025-10-09 21:40:00,2025-10-09 21:41:18,2025-10-09 22:52:00,2025-10-09 22:55:18,72.0,3.3,completed
T0000014,R001,V179,inbound,2025-10-09,2025-10-09 12:47:00,2025-10-09 12:48:12,2025-10-09 13:48:00,2025-10-09 13:51:00,61.0,3.0,completed
T0000015,R001,V124,outbound,2025-10-11,2025-10-11 15:19:00,2025-10-11 15:20:00,2025-10-11 16:25:00,2025-10-11 16:27:36,66.0,2.6,completed
T0000016,R001,V177,inbound,2025-10-13,2025-10-13 18:31:00,2025-10-13 18:36:06,2025-10-13 19:30:00,2025-10-13 19:42:42,59.0,12.7,completed
T0000017,R001,V015,inbound,2025-10-13,2025-10-13 17:28:00,2025-10-13 17:32:00,2025-10-13 18:36:00,2025-10-13 18:46:00,68.0,10.0,completed
T0000018,R001,V151,inbound,2025-10-13,2025-10-13 16:47:00,2025-10-13 16:50:00,2025-10-13 17:56:00,2025-10-13 18:03:36,69.0,7.6,completed
T0000019,R001,V166,outbound,2025-10-13,2025-10-13 11:58:00,2025-10-13 12:00:36,2025-10-13 12:55:00,2025-10-13 13:01:36,57.0,6.6,completed
T0000020,R001,V010,outbound,2025-10-15,2025-10-15 06:38:00,2025-10-15 06:39:24,2025-10-15 07:37:00,2025-10-15 07:40:30,59.0,3.5,completed
T0000021,R001,V209,outbound,2025-10-16,2025-10-16 20:48:00,2025-10-16 20:49:54,2025-10-16 21:47:00,2025-10-16 21:51:42,59.0,4.7,completed
T0000022,R001,V231,inbound,2025-10-16,2025-10-16 12:45:00,2025-10-16 12:45:48,2025-10-16 13:46:00,2025-10-16 13:47:54,61.0,1.9,completed
T0000023,R001,V158,outbound,2025-10-16,2025-10-16 15:42:00,2025-10-16 15:42:54,2025-10-16 16:46:00,2025-10-16 16:48:12,64.0,2.2,completed
T0000024,R001,V079,inbound,2025-10-17,2025-10-17 13:47:00,2025-10-17 13:48:36,2025-10-17 14:55:00,2025-10-17 14:59:00,68.0,4.0,completed
T0000025,R001,V231,inbound,2025-10-18,2025-10-18 11:52:00,2025-10-18 11:52:42,2025-10-18 13:04:00,,72.0,1.8,completed
T0000026,R001,V239,inbound,2025-10-19,2025-10-19 12:50:00,2025-10-19 12:51:00,2025-10-19 13:57:00,2025-10-19 13:59:30,67.0,2.5,completed
T0000027,R001,V012,inbound,2025-10-22,2025-10-22 18:53:00,2025-10-22 18:56:24,2025-10-22 20:03:00,2025-10-22 20:11:30,70.0,8.5,completed
T0000028,R001,V126,inbound,2025-10-23,2025-10-23 16:39:00,2025-10-23 16:41:24,2025-10-23 17:39:00,2025-10-23 17:44:54,60.0,5.9,completed
T0000029,R001,V005,inbound,2025-10-25,2025-10-25 16:48:00,2025-10-25 16:48:42,2025-10-25 17:49:00,2025-10-25 17:50:48,61.0,1.8,completed
T0000030,R001,V172,inbound,2025-10-25,2025-10-25 11:24:00,2025-10-25 11:24:48,2025-10-25 12:27:00,2025-10-25 12:29:00,63.0,2.0,completed
T0000031,R001,V008,outbound,2025-10-26,2025-10-26 19:30:00,2025-10-26 19:31:24,2025-10-26 20:43:00,2025-10-26 20:46:36,73.0,3.6,completed
T0000032,R001,V155,inbound,2025-10-27,2025-10-27 18:08:00,2025-10-27 18:13:54,2025-10-27 19:10:00,2025-10-27 19:24:42,62.0,14.7,completed
T0000033,R001,V001,inbound,2025-10-27,2025-10-27 18:38:00,2025-10-27 18:43:00,2025-10-27 19:42:00,2025-10-27 19:54:30,64.0,12.5,completed
T0000034,R001,V153,outbound,2025-10-27,2025-10-27 17:03:00,2025-10-27 17:07:24,2025-10-27 18:07:00,2025-10-27 18:18:00,64.0,11.0,completed
T0000035,R001,V164,outbound,2025-10-27,2025-10-27 21:59:00,2025-10-27 22:00:42,2025-10-27 23:08:00,2025-10-27 23:12:18,69.0,4.3,completed
T0000036,R001,V197,inbound,2025-10-28,2025-10-28 17:17:00,2025-10-28 17:22:12,2025-10-28 18:21:00,2025-10-28 18:33:54,64.0,12.9,completed
T0000037,R001,V125,outbound,2025-10-28,2025-10-28 17:12:00,2025-10-28 17:14:54,2025-10-28 18:20:00,2025-10-28 18:27:12,68.0,7.2,completed
T0000038,R001,V176,outbound,2025-10-29,2025-10-29 08:33:00,2025-10-29 08:37:06,2025-10-29 09:32:00,2025-10-29 09:42:12,59.0,10.2,completed
T0000039,R001,V250,outbound,2025-10-29,2025-10-29 08:48:00,2025-10-29 08:47:36,2025-10-29 09:56:00,2025-10-29 09:54:54,68.0,-1.1,completed
T0000040,R001,V014,outbound,2025-10-30,2025-10-30 05:33:00,2025-10-30 05:34:00,2025-10-30 06:42:00,2025-10-30 06:44:30,69.0,2.5,completed
T0000041,R001,V162,outbound,2025-11-01,2025-11-01 07:34:00,2025-11-01 07:34:42,2025-11-01 08:39:00,2025-11-01 08:40:48,65.0,1.8,completed
T0000042,R001,V040,outbound,2025-11-02,2025-11-02 13:55:00,2025-11-02 13:55:48,2025-11-02 14:54:00,2025-11-02 14:56:06,59.0,2.1,completed
T0000043,R001,V064,inbound,2025-11-03,2025-11-03 19:59:00,2025-11-03 20:02:48,2025-11-03 21:07:00,2025-11-03 21:16:24,68.0,9.4,completed
T0000044,R001,V068,outbound,2025-11-04,2025-11-04 20:02:00,2025-11-04 20:04:12,2025-11-04 21:01:00,2025-11-04 21:06:24,59.0,5.4,completed
T0000045,R001,V208,inbound,2025-11-04,2025-11-04 17:13:00,2025-11-04 17:16:00,2025-11-04 18:16:00,2025-11-04 18:23:36,63.0,7.6,completed
T0000046,R001,V038,inbound,2025-11-05,2025-11-05 06:18:00,2025-11-05 06:19:30,2025-11-05 07:28:00,2025-11-05 07:31:48,70.0,3.8,completed
T0000047,R001,V022,inbound,2025-11-05,2025-11-05 06:48:00,2025-11-05 06:49:42,2025-11-05 07:59:00,2025-11-05 08:03:12,71.0,4.2,completed
T0000048,R001,V004,inbound,2025-11-05,2025-11-05 09:03:00,2025-11-05 09:05:36,2025-11-05 10:03:00,2025-11-05 10:09:24,60.0,6.4,completed
T0000049,R001,V111,inbound,2025-11-05,2025-11-05 22:03:00,2025-11-05 22:04:18,2025-11-05 23:08:00,2025-11-05 23:11:12,65.0,3.2,completed
T0000050,R001,V239,outbound,2025-11-06,2025-11-06 22:24:00,2025-11-06 22:23:42,2025-11-06 23:24:00,2025-11-06 23:23:12,60.0,-0.8,completed
T0000051,R001,V196,outbound,2025-11-06,2025-11-06 18:11:00,2025-11-06 18:09:54,2025-11-06 19:14:00,2025-11-06 19:11:18,63.0,-2.7,completed
T0000052,R001,V149,inbound,2025-11-07,2025-11-07 09:50:00,2025-11-07 09:53:30,2025-11-07 10:52:00,2025-11-07 11:00:42,62.0,8.7,completed
T0000053,R001,V187,outbound,2025-11-10,2025-11-10 18:42:00,2025-11-10 18:46:48,2025-11-10 19:55:00,2025-11-10 20:06:54,73.0,11.9,completed
T0000054,R001,V101,inbound,2025-11-10,2025-11-10 12:56:00,2025-11-10 12:57:06,2025-11-10 13:59:00,2025-11-10 14:01:48,63.0,2.8,completed
T0000055,R001,V139,outbound,2025-11-11,2025-11-11 18:43:00,2025-11-11 18:48:18,2025-11-11 19:54:00,2025-11-11 20:07:18,71.0,13.3,completed
T0000056,R001,V086,outbound,2025-11-11,2025-11-11 08:57:00,2025-11-11 09:00:12,2025-11-11 10:08:00,2025-11-11 10:16:06,71.0,8.1,completed
T0000057,R001,V222,outbound,2025-11-11,2025-11-11 05:29:00,2025-11-11 05:30:36,2025-11-11 06:27:00,2025-11-11 06:31:00,58.0,4.0,completed
T0000058,R001,V017,outbound,2025-11-12,2025-11-12 06:05:00,2025-11-12 06:06:00,2025-11-12 07:10:00,2025-11-12 07:12:36,65.0,2.6,completed
T0000059,R001,V003,inbound,2025-11-12,2025-11-12 12:20:00,2025-11-12 12:20:54,2025-11-12 13:23:00,2025-11-12 13:25:18,63.0,2.3,completed
T0000060,R001,V082,outbound,2025-11-13,2025-11-13 18:05:00,2025-11-13 18:08:24,2025-11-13 19:12:00,2025-11-13 19:20:36,67.0,8.6,completed
T0000061,R001,V182,outbound,2025-11-14,2025-11-14 11:29:00,2025-11-14 11:30:18,2025-11-14 12:37:00,2025-11-14 12:40:12,68.0,3.2,completed
T0000062,R001,V036,outbound,2025-11-16,2025-11-16 11:21:00,2025-11-16 11:20:36,2025-11-16 12:34:00,2025-11-16 12:32:54,73.0,-1.1,completed
T0000063,R001,V069,outbound,2025-11-17,2025-11-17 07:16:00,2025-11-17 07:19:12,2025-11-17 08:19:00,2025-11-17 08:26:54,63.0,7.9,completed
T0000064,R001,V173,inbound,2025-11-17,2025-11-17 10:03:00,2025-11-17 10:05:18,2025-11-17 11:13:00,2025-11-17 11:18:48,70.0,5.8,completed
T0000065,R001,V073,outbound,2025-11-18,2025-11-18 10:02:00,2025-11-18 10:01:42,2025-11-18 11:10:00,2025-11-18 11:09:12,68.0,-0.8,completed
T0000066,R001,V244,outbound,2025-11-18,2025-11-18 07:32:00,2025-11-18 07:34:42,2025-11-18 08:32:00,2025-11-18 08:38:48,60.0,6.8,completed
T0000067,R001,V200,outbound,2025-11-18,2025-11-18 13:36:00,2025-11-18 13:35:00,2025-11-18 14:47:00,2025-11-18 14:44:36,71.0,-2.4,completed
T0000068,R001,V036,outbound,2025-11-19,2025-11-19 10:29:00,2025-11-19 10:30:48,2025-11-19 11:29:00,2025-11-19 11:33:24,60.0,4.4,completed
T0000069,R001,V119,inbound,2025-11-20,2025-11-20 16:40:00,2025-11-20 16:42:54,2025-11-20 17:41:00,2025-11-20 17:48:18,61.0,7.3,completed
T0000070,R001,V248,inbound,2025-11-20,2025-11-20 11:26:00,2025-11-20 11:27:12,2025-11-20 12:32:00,2025-11-20 12:35:06,66.0,3.1,completed
T0000071,R001,V057,inbound,2025-11-20,2025-11-20 05:51:00,2025-11-20 05:52:30,2025-11-20 07:00:00,2025-11-20 07:03:42,69.0,3.7,completed
T0000072,R001,V228,inbound,2025-11-20,2025-11-20 17:50:00,2025-11-20 17:53:00,2025-11-20 18:55:00,2025-11-20 19:02:30,65.0,7.5,completed
T0000073,R001,V151,outbound,2025-11-21,2025-11-21 08:15:00,2025-11-21 08:19:24,2025-11-21 09:22:00,2025-11-21 09:32:54,67.0,10.9,completed
T0000074,R001,V094,outbound,2025-11-23,2025-11-23 11:47:00,2025-11-23 11:47:36,2025-11-23 12:53:00,2025-11-23 12:54:36,66.0,1.6,completed
T0000075,R001,V167,inbound,2025-11-23,2025-11-23 16:13:00,2025-11-23 16:13:24,2025-11-23 17:20:00,2025-11-23 17:21:06,67.0,1.1,completed
T0000076,R001,V165,outbound,2025-11-24,2025-11-24 17:52:00,2025-11-24 17:55:24,2025-11-24 18:52:00,2025-11-24 19:00:30,60.0,8.5,completed
T0000077,R001,V081,outbound,2025-11-24,2025-11-24 10:29:00,2025-11-24 10:30:48,2025-11-24 11:27:00,2025-11-24 11:31:36,58.0,4.6,completed
T0000078,R001,V006,outbound,2025-11-25,2025-11-25 12:48:00,2025-11-25 12:49:18,2025-11-25 14:01:00,2025-11-25 14:04:18,73.0,3.3,completed
T0000079,R001,V167,outbound,2025-11-25,2025-11-25 08:23:00,2025-11-25 08:27:54,2025-11-25 09:36:00,2025-11-25 09:48:12,73.0,12.2,completed
T0000080,R001,V196,inbound,2025-11-25,2025-11-25 17:17:00,2025-11-25 17:20:24,2025-11-25 18:20:00,2025-11-25 18:28:30,63.0,8.5,completed
T0000081,R001,V060,outbound,2025-11-26,2025-11-26 18:40:00,2025-11-26 18:44:54,2025-11-26 19:41:00,2025-11-26 19:53:18,61.0,12.3,completed
T0000082,R001,V083,inbound,2025-11-26,2025-11-26 21:26:00,2025-11-26 21:27:18,2025-11-26 22:30:00,2025-11-26 22:33:12,64.0,3.2,completed
T0000083,R001,V095,outbound,2025-11-26,2025-11-26 14:28:00,2025-11-26 14:27:24,2025-11-26 15:28:00,2025-11-26 15:26:24,60.0,-1.6,completed
T0000084,R001,V193,outbound,2025-11-27,2025-11-27 07:59:00,2025-11-27 07:58:06,2025-11-27 09:12:00,2025-11-27 09:09:42,73.0,-2.3,completed
T0000085,R001,V193,inbound,2025-11-27,2025-11-27 12:25:00,2025-11-27 12:25:54,2025-11-27 13:29:00,2025-11-27 13:31:12,64.0,2.2,completed
T0000086,R001,V031,outbound,2025-11-28,2025-11-28 12:13:00,2025-11-28 12:14:18,2025-11-28 13:19:00,2025-11-28 13:22:18,66.0,3.3,completed
T0000087,R001,V096,outbound,2025-11-28,2025-11-28 22:32:00,2025-11-28 22:33:12,2025-11-28 23:38:00,2025-11-28 23:41:00,66.0,3.0,completed
T0000088,R001,V097,outbound,2025-11-28,2025-11-28 06:31:00,2025-11-28 06:32:48,2025-11-28 07:39:00,2025-11-28 07:43:30,68.0,4.5,cancelled
T0000089,R001,V201,outbound,2025-11-28,2025-11-28 18:20:00,2025-11-28 18:26:00,2025-11-28 19:30:00,2025-11-28 19:44:54,70.0,14.9,completed
T0000090,R001,V162,outbound,2025-11-29,2025-11-29 13:43:00,2025-11-29 13:44:00,2025-11-29 14:45:00,2025-11-29 14:47:24,62.0,2.4,completed
T0000091,R001,V189,inbound,2025-11-29,2025-11-29 10:32:00,2025-11-29 10:33:42,2025-11-29 11:39:00,2025-11-29 11:43:18,67.0,4.3,completed
T0000092,R001,V040,outbound,2025-11-29,2025-11-29 20:48:00,2025-11-29 20:48:48,2025-11-29 22:00:00,2025-11-29 22:02:00,72.0,2.0,completed
T0000093,R001,V030,inbound,2025-11-29,2025-11-29 20:36:00,2025-11-29 20:37:06,2025-11-29 21:47:00,2025-11-29 21:49:48,71.0,2.8,completed
T0000094,R001,V162,outbound,2025-11-30,2025-11-30 11:48:00,2025-11-30 11:49:00,2025-11-30 12:56:00,2025-11-30 12:58:36,68.0,2.6,completed
T0000095,R001,V202,inbound,2025-12-01,2025-12-01 18:02:00,2025-12-01 18:08:54,2025-12-01 19:13:00,2025-12-01 19:30:18,71.0,17.3,completed
T0000096,R001,V086,inbound,2025-12-01,2025-12-01 17:24:00,2025-12-01 17:28:00,2025-12-01 18:23:00,2025-12-01 18:32:54,59.0,9.9,completed
T0000097,R001,V123,inbound,2025-12-02,2025-12-02 14:13:00,2025-12-02 14:15:00,2025-12-02 15:24:00,2025-12-02 15:29:00,71.0,5.0,completed
T0000098,R001,V136,inbound,2025-12-02,2025-12-02 18:16:00,2025-12-02 18:20:48,2025-12-02 19:23:00,2025-12-02 19:35:06,67.0,12.1,completed
T0000099,R001,V071,outbound,2025-12-02,2025-12-02 12:27:00,2025-12-02 12:28:24,2025-12-02 13:24:00,2025-12-02 13:27:24,57.0,3.4,completed
T0000100,R001,V052,outbound,2025-12-02,2025-12-02 14:42:00,2025-12-02 14:43:18,2025-12-02 15:40:00,2025-12-02 15:43:18,58.0,3.3,completed
T0000101,R001,V126,inbound,2025-12-02,2025-12-02 08:32:00,2025-12-02 08:35:48,2025-12-02 09:42:00,2025-12-02 09:51:36,70.0,9.6,completed
T0000102,R001,V004,outbound,2025-12-03,2025-12-03 23:23:00,2025-12-03 23:24:30,2025-12-04 00:26:00,2025-12-04 00:29:48,63.0,3.8,completed
T0000103,R001,V197,inbound,2025-12-03,2025-12-03 07:12:00,2025-12-03 07:13:48,2025-12-03 08:15:00,2025-12-03 08:19:30,63.0,4.5,completed
T0000104,R001,V177,inbound,2025-12-03,2025-12-03 07:08:00,2025-12-03 07:11:42,2025-12-03 08:06:00,2025-12-03 08:15:12,58.0,9.2,completed
T0000105,R001,V240,inbound,2025-12-04,2025-12-04 18:27:00,2025-12-04 18:30:30,2025-12-04 19:37:00,2025-12-04 19:45:42,70.0,8.7,completed
T0000106,R001,V161,inbound,2025-12-05,2025-12-05 16:39:00,2025-12-05 16:43:42,2025-12-05 17:41:00,2025-12-05 17:52:42,62.0,11.7,completed
T0000107,R001,V130,inbound,2025-12-06,2025-12-06 15:26:00,2025-12-06 15:27:06,2025-12-06 16:37:00,2025-12-06 16:39:48,71.0,2.8,completed
T0000108,R001,V068,outbound,2025-12-07,2025-12-07 08:05:00,2025-12-07 08:05:42,2025-12-07 09:11:00,2025-12-07 09:12:42,66.0,1.7,completed
T0000109,R001,V042,inbound,2025-12-08,2025-12-08 11:17:00,2025-12-08 11:17:54,2025-12-08 12:16:00,2025-12-08 12:18:18,59.0,2.3,completed
T0000110,R001,V120,inbound,2025-12-09,2025-12-09 14:45:00,2025-12-09 14:46:12,2025-12-09 15:44:00,2025-12-09 15:46:54,59.0,2.9,completed
T0000111,R001,V188,outbound,2025-12-10,2025-12-10 16:59:00,2025-12-10 17:01:48,2025-12-10 18:01:00,2025-12-10 18:08:06,62.0,7.1,completed
T0000112,R001,V210,inbound,2025-12-11,2025-12-11 09:35:00,2025-12-11 09:38:12,2025-12-11 10:37:00,2025-12-11 10:45:00,62.0,8.0,completed
T0000113,R001,V047,inbound,2025-12-11,2025-12-11 09:00:00,2025-12-11 09:02:30,2025-12-11 10:09:00,2025-12-11 10:15:12,69.0,6.2,completed
T0000114,R001,V046,outbound,2025-12-11,2025-12-11 07:52:00,2025-12-11 07:50:48,2025-12-11 08:53:00,2025-12-11 08:50:00,61.0,-3.0,completed
T0000115,R001,V047,outbound,2025-12-12,2025-12-12 18:01:00,2025-12-12 18:06:54,2025-12-12 18:58:00,2025-12-12 19:12:42,57.0,14.7,completed
T0000116,R001,V052,inbound,2025-12-13,2025-12-13 00:43:00,2025-12-13 00:44:36,2025-12-13 01:52:00,2025-12-13 01:56:06,69.0,4.1,completed
T0000117,R001,V227,outbound,2025-12-13,2025-12-13 14:49:00,2025-12-13 14:49:36,2025-12-13 15:54:00,2025-12-13 15:55:36,65.0,1.6,completed
T0000118,R001,V136,inbound,2025-12-14,2025-12-14 15:09:00,2025-12-14 15:09:36,2025-12-14 16:15:00,2025-12-14 16:16:30,66.0,1.5,completed
T0000119,R001,V080,inbound,2025-12-15,2025-12-15 16:48:00,2025-12-15 16:47:42,2025-12-15 17:55:00,2025-12-15 17:54:18,67.0,-0.7,completed
T0000120,R001,V095,outbound,2025-12-17,2025-12-17 08:34:00,2025-12-17 08:37:12,2025-12-17 09:36:00,2025-12-17 09:44:06,62.0,8.1,completed
T0000121,R001,V192,inbound,2025-12-17,2025-12-17 12:31:00,2025-12-17 12:32:00,2025-12-17 13:40:00,2025-12-17 13:42:36,69.0,2.6,completed
T0000122,R001,V139,outbound,2025-12-17,2025-12-17 23:02:00,2025-12-17 23:03:42,2025-12-18 00:08:00,2025-12-18 00:12:12,66.0,4.2,completed
T0000123,R001,V129,outbound,2025-12-18,2025-12-18 07:57:00,2025-12-18 07:58:42,2025-12-18 08:56:00,2025-12-18 09:00:18,59.0,4.3,completed
T0000124,R001,V015,outbound,2025-12-18,2025-12-18 13:52:00,2025-12-18 13:51:12,2025-12-18 14:58:00,2025-12-18 14:56:06,66.0,-1.9,completed
T0000125,R001,V183,outbound,2025-12-19,2025-12-19 19:44:00,2025-12-19 19:49:48,2025-12-19 20:52:00,2025-12-19 21:06:30,68.0,14.5,completed
T0000126,R001,V184,inbound,2025-12-19,2025-12-19 06:06:00,2025-12-19 06:07:36,2025-12-19 07:08:00,2025-12-19 07:12:06,62.0,4.1,completed
T0000127,R001,V094,inbound,2025-12-20,2025-12-20 15:37:00,2025-12-20 15:38:18,2025-12-20 16:46:00,2025-12-20 16:49:12,69.0,3.2,completed
T0000128,R001,V123,inbound,2025-12-20,2025-12-20 20:01:00,2025-12-20 20:01:36,2025-12-20 21:05:00,2025-12-20 21:06:24,64.0,1.4,cancelled
T0000129,R001,V208,outbound,2025-12-21,2025-12-21 11:14:00,2025-12-21 11:14:48,2025-12-21 12:27:00,2025-12-21 12:29:00,73.0,2.0,completed
T0000130,R001,V151,outbound,2025-12-21,2025-12-21 14:09:00,2025-12-21 14:10:12,2025-12-21 15:08:00,2025-12-21 15:11:06,59.0,3.1,completed
T0000131,R001,V005,outbound,2025-12-22,2025-12-22 18:54:00,2025-12-22 19:00:30,2025-12-22 20:02:00,2025-12-22 20:18:12,68.0,16.2,completed
T0000132,R001,V144,inbound,2025-12-22,2025-12-22 21:30:00,2025-12-22 21:29:24,2025-12-22 22:33:00,2025-12-22 22:31:24,63.0,-1.6,completed
T0000133,R001,V148,outbound,2025-12-23,2025-12-23 17:54:00,2025-12-23 17:59:24,2025-12-23 18:57:00,2025-12-23 19:10:36,63.0,13.6,completed
T0000134,R001,V157,inbound,2025-12-23,2025-12-23 19:23:00,2025-12-23 19:25:12,2025-12-23 20:34:00,2025-12-23 20:39:36,71.0,5.6,completed
T0000135,R001,V012,inbound,2025-12-24,2025-12-24 18:25:00,2025-12-24 18:29:00,2025-12-24 19:36:00,2025-12-24 19:46:06,71.0,10.1,completed
T0000136,R001,V072,inbound,2025-12-26,2025-12-26 15:49:00,2025-12-26 15:50:48,2025-12-26 16:58:00,2025-12-26 17:02:36,69.0,4.6,completed
T0000137,R001,V249,inbound,2025-12-26,2025-12-26 10:33:00,2025-12-26 10:35:30,2025-12-26 11:37:00,2025-12-26 11:43:18,64.0,6.3,completed
T0000138,R001,V245,outbound,2025-12-26,2025-12-26 21:15:00,2025-12-26 21:17:12,2025-12-26 22:21:00,2025-12-26 22:26:24,66.0,5.4,completed
T0000139,R001,V163,inbound,2025-12-27,2025-12-27 14:40:00,2025-12-27 14:41:06,2025-12-27 15:49:00,2025-12-27 15:51:42,69.0,2.7,completed
T0000140,R001,V150,outbound,2025-12-27,2025-12-27 14:26:00,2025-12-27 14:26:48,2025-12-27 15:39:00,2025-12-27 15:41:06,73.0,2.1,completed
T0000141,R001,V195,outbound,2025-12-28,2025-12-28 05:40:00,2025-12-28 05:41:24,2025-12-28 06:45:00,2025-12-28 06:48:30,65.0,3.5,completed
T0000142,R001,V086,inbound,2025-12-29,2025-12-29 17:24:00,2025-12-29 17:29:36,2025-12-29 18:31:00,2025-12-29 18:45:00,67.0,14.0,completed
T0000143,R001,V236,outbound,2025-12-29,2025-12-29 11:02:00,2025-12-29 11:03:36,2025-12-29 12:04:00,2025-12-29 12:07:54,62.0,3.9,completed
T0000144,R001,V021,inbound,2025-12-29,2025-12-29 20:54:00,2025-12-29 20:55:18,2025-12-29 22:02:00,2025-12-29 22:05:18,68.0,3.3,completed
T0000145,R001,V010,inbound,2025-12-29,2025-12-29 14:31:00,2025-12-29 14:32:06,2025-12-29 15:28:00,2025-12-29 15:30:42,57.0,2.7,completed
T0000146,R001,V096,inbound,2025-12-29,2025-12-29 10:09:00,2025-12-29 10:10:42,2025-12-29 11:13:00,2025-12-29 11:17:12,64.0,4.2,completed
T0000147,R001,V075,outbound,2025-12-29,2025-12-29 18:48:00,2025-12-29 18:52:12,2025-12-29 20:00:00,2025-12-29 20:10:24,72.0,10.4,completed
T0000148,R001,V146,outbound,2025-12-30,2025-12-30 14:03:00,2025-12-30 14:04:06,2025-12-30 15:03:00,2025-12-30 15:05:42,60.0,2.7,completed
T0000149,R001,V047,inbound,2025-12-30,2025-12-30 18:15:00,2025-12-30 18:19:36,2025-12-30 19:23:00,2025-12-30 19:34:36,68.0,11.6,completed
T0000150,R001,V066,outbound,2026-01-02,2026-01-02 13:11:00,2026-01-02 13:12:24,2026-01-02 14:12:00,2026-01-02 14:15:36,61.0,3.6,completed
T0000151,R001,V164,outbound,2026-01-02,2026-01-02 17:42:00,2026-01-02 17:44:18,2026-01-02 18:47:00,2026-01-02 18:52:48,65.0,5.8,completed
T0000152,R001,V154,outbound,2026-01-02,2026-01-02 07:57:00,2026-01-02 08:00:24,2026-01-02 08:56:00,2026-01-02 09:04:24,59.0,8.4,completed
T0000153,R001,V007,outbound,2026-01-02,2026-01-02 18:54:00,2026-01-02 19:02:12,2026-01-02 20:01:00,2026-01-02 20:21:24,67.0,20.4,completed
T0000154,R001,V046,outbound,2026-01-04,2026-01-04 14:23:00,2026-01-04 14:23:36,2026-01-04 15:25:00,2026-01-04 15:26:30,62.0,1.5,completed
T0000155,R001,V190,inbound,2026-01-05,2026-01-05 19:45:00,2026-01-05 19:48:36,2026-01-05 20:55:00,2026-01-05 21:04:06,70.0,9.1,completed
T0000156,R001,V100,outbound,2026-01-05,2026-01-05 17:26:00,2026-01-05 17:29:54,2026-01-05 18:25:00,2026-01-05 18:34:42,59.0,9.7,completed
T0000157,R001,V015,outbound,2026-01-05,2026-01-05 18:21:00,2026-01-05 18:26:54,2026-01-05 19:19:00,2026-01-05 19:33:48,58.0,14.8,completed
T0000158,R001,V064,inbound,2026-01-06,2026-01-06 16:30:00,2026-01-06 16:32:06,2026-01-06 17:28:00,2026-01-06 17:33:12,58.0,5.2,completed
T0000159,R001,V104,inbound,2026-01-07,2026-01-07 11:36:00,2026-01-07 11:37:00,2026-01-07 12:41:00,2026-01-07 12:43:36,65.0,2.6,completed
T0000160,R001,V129,inbound,2026-01-07,2026-01-07 18:17:00,2026-01-07 18:15:54,2026-01-07 19:23:00,2026-01-07 19:20:12,66.0,-2.8,completed
T0000161,R001,V209,outbound,2026-01-07,2026-01-07 04:27:00,2026-01-07 04:28:36,2026-01-07 05:26:00,2026-01-07 05:29:54,59.0,3.9,completed
T0000162,R001,V214,inbound,2026-01-09,2026-01-09 21:39:00,2026-01-09 21:41:24,2026-01-09 22:50:00,2026-01-09 22:56:06,71.0,6.1,completed
T0000163,R001,V235,outbound,2026-01-11,2026-01-11 13:20:00,2026-01-11 13:21:06,2026-01-11 14:25:00,2026-01-11 14:27:48,65.0,2.8,completed
T0000164,R001,V009,inbound,2026-01-12,2026-01-12 17:29:00,2026-01-12 17:34:00,2026-01-12 18:28:00,2026-01-12 18:40:24,59.0,12.4,completed
T0000165,R001,V153,outbound,2026-01-12,2026-01-12 23:00:00,2026-01-12 23:01:24,2026-01-13 00:08:00,2026-01-13 00:11:36,68.0,3.6,completed
T0000166,R001,V069,outbound,2026-01-13,2026-01-13 09:26:00,2026-01-13 09:29:30,2026-01-13 10:31:00,2026-01-13 10:39:48,65.0,8.8,completed
T0000167,R001,V195,inbound,2026-01-14,2026-01-14 18:06:00,2026-01-14 18:09:18,2026-01-14 19:09:00,2026-01-14 19:17:12,63.0,8.2,completed
T0000168,R001,V006,inbound,2026-01-15,2026-01-15 17:31:00,2026-01-15 17:34:42,2026-01-15 18:34:00,2026-01-15 18:43:12,63.0,9.2,completed
T0000169,R001,V107,outbound,2026-01-15,2026-01-15 06:33:00,2026-01-15 06:33:54,2026-01-15 07:40:00,2026-01-15 07:42:12,67.0,2.2,completed
T0000170,R001,V167,inbound,2026-01-16,2026-01-16 22:52:00,2026-01-16 22:53:42,2026-01-17 00:05:00,2026-01-17 00:09:18,73.0,4.3,completed
T0000171,R001,V231,inbound,2026-01-17,2026-01-17 15:25:00,2026-01-17 15:24:12,2026-01-17 16:33:00,2026-01-17 16:31:06,68.0,-1.9,completed
T0000172,R001,V181,outbound,2026-01-17,2026-01-17 17:16:00,2026-01-17 17:16:42,2026-01-17 18:15:00,2026-01-17 18:16:48,59.0,1.8,completed
T0000173,R001,V197,outbound,2026-01-18,2026-01-18 16:54:00,2026-01-18 16:55:18,2026-01-18 17:55:00,2026-01-18 17:58:12,61.0,3.2,completed
T0000174,R001,V043,outbound,2026-01-19,2026-01-19 18:17:00,2026-01-19 18:26:48,2026-01-19 19:15:00,2026-01-19 19:39:36,58.0,24.6,completed
T0000175,R001,V201,inbound,2026-01-20,2026-01-20 08:41:00,2026-01-20 08:45:42,2026-01-20 09:41:00,2026-01-20 09:52:42,60.0,11.7,completed
T0000176,R001,V046,inbound,2026-01-20,2026-01-20 10:33:00,2026-01-20 10:35:36,2026-01-20 11:31:00,2026-01-20 11:37:30,58.0,6.5,completed
T0000177,R001,V020,inbound,2026-01-20,2026-01-20 15:32:00,2026-01-20 15:33:54,2026-01-20 16:37:00,2026-01-20 16:41:48,65.0,4.8,completed
T0000178,R001,V031,outbound,2026-01-21,2026-01-21 11:26:00,2026-01-21 11:27:48,2026-01-21 12:39:00,2026-01-21 12:43:30,73.0,4.5,completed
T0000179,R001,V017,inbound,2026-01-21,2026-01-21 07:25:00,2026-01-21 07:28:00,2026-01-21 08:36:00,2026-01-21 08:43:36,71.0,7.6,completed
T0000180,R001,V113,outbound,2026-01-21,2026-01-21 05:14:00,2026-01-21 05:14:54,2026-01-21 06:26:00,2026-01-21 06:28:12,72.0,2.2,completed
T0000181,R001,V244,outbound,2026-01-21,2026-01-21 22:54:00,2026-01-21 22:55:06,2026-01-22 00:01:00,2026-01-22 00:03:48,67.0,2.8,completed
T0000182,R001,V189,outbound,2026-01-21,2026-01-21 08:45:00,2026-01-21 08:49:06,2026-01-21 09:45:00,2026-01-21 09:55:12,60.0,10.2,completed
T0000183,R001,V188,outbound,2026-01-22,2026-01-22 11:01:00,2026-01-22 11:02:48,2026-01-22 12:10:00,2026-01-22 12:14:24,69.0,4.4,completed
T0000184,R001,V079,outbound,2026-01-22,2026-01-22 20:22:00,2026-01-22 20:24:06,2026-01-22 21:31:00,2026-01-22 21:36:12,69.0,5.2,completed
T0000185,R001,V087,outbound,2026-01-22,2026-01-22 12:03:00,2026-01-22 12:03:48,2026-01-22 13:07:00,2026-01-22 13:09:06,64.0,2.1,completed
T0000186,R001,V078,inbound,2026-01-23,2026-01-23 12:27:00,2026-01-23 12:28:42,2026-01-23 13:33:00,2026-01-23 13:37:18,66.0,4.3,completed
T0000187,R001,V200,inbound,2026-01-23,2026-01-23 19:11:00,2026-01-23 19:15:24,2026-01-23 20:18:00,2026-01-23 20:29:00,67.0,11.0,completed
T0000188,R001,V095,inbound,2026-01-23,2026-01-23 10:46:00,2026-01-23 10:49:12,2026-01-23 11:54:00,2026-01-23 12:02:06,68.0,8.1,completed
T0000189,R001,V162,outbound,2026-01-24,2026-01-24 17:11:00,2026-01-24 17:11:42,2026-01-24 18:19:00,2026-01-24 18:20:42,68.0,1.7,completed
T0000190,R001,V007,inbound,2026-01-24,2026-01-24 09:26:00,2026-01-24 09:26:42,2026-01-24 10:36:00,2026-01-24 10:37:42,70.0,1.7,completed
T0000191,R001,V015,inbound,2026-01-24,2026-01-24 07:02:00,2026-01-24 07:02:30,2026-01-24 08:13:00,2026-01-24 08:14:18,71.0,1.3,completed
T0000192,R001,V144,inbound,2026-01-25,2026-01-25 16:00:00,2026-01-25 15:59:12,2026-01-25 17:02:00,2026-01-25 17:00:00,62.0,-2.0,completed
T0000193,R001,V077,outbound,2026-01-25,2026-01-25 12:37:00,2026-01-25 12:38:00,2026-01-25 13:42:00,2026-01-25 13:44:30,65.0,2.5,completed
T0000194,R001,V062,outbound,2026-01-25,2026-01-25 11:58:00,2026-01-25 11:58:42,2026-01-25 12:57:00,2026-01-25 12:58:42,59.0,1.7,completed
T0000195,R001,V225,inbound,2026-01-25,2026-01-25 15:52:00,2026-01-25 15:52:54,2026-01-25 16:50:00,2026-01-25 16:52:18,58.0,2.3,completed
T0000196,R001,V134,outbound,2026-01-25,2026-01-25 11:54:00,2026-01-25 11:54:42,2026-01-25 13:03:00,2026-01-25 13:04:48,69.0,1.8,completed
T0000197,R001,V039,inbound,2026-01-26,2026-01-26 19:31:00,2026-01-26 19:34:54,2026-01-26 20:33:00,2026-01-26 20:42:42,62.0,9.7,completed
T0000198,R001,V201,outbound,2026-01-26,2026-01-26 08:21:00,2026-01-26 08:24:30,2026-01-26 09:23:00,2026-01-26 09:31:42,62.0,8.7,completed
T0000199,R001,V114,outbound,2026-01-27,2026-01-27 20:27:00,2026-01-27 20:28:00,2026-01-27 21:40:00,2026-01-27 21:42:24,73.0,2.4,completed
T0000200,R001,V249,outbound,2026-01-27,2026-01-27 16:56:00,2026-01-27 16:58:54,2026-01-27 18:05:00,2026-01-27 18:12:12,69.0,7.2,completed
T0000201,R001,V161,outbound,2026-01-28,2026-01-28 14:38:00,2026-01-28 14:38:42,2026-01-28 15:39:00,2026-01-28 15:40:48,61.0,1.8,completed
T0000202,R001,V085,inbound,2026-01-28,2026-01-28 08:46:00,2026-01-28 08:48:48,2026-01-28 09:44:00,2026-01-28 09:51:00,58.0,7.0,completed
T0000203,R001,V022,outbound,2026-01-29,2026-01-29 20:09:00,2026-01-29 20:11:00,2026-01-29 21:14:00,2026-01-29 21:18:54,65.0,4.9,completed
T0000204,R001,V235,inbound,2026-01-29,2026-01-29 17:05:00,2026-01-29 17:09:48,2026-01-29 18:06:00,2026-01-29 18:17:54,61.0,11.9,completed
T0000205,R001,V119,outbound,2026-01-29,2026-01-29 17:57:00,2026-01-29 17:59:30,2026-01-29 18:57:00,2026-01-29 19:03:12,60.0,6.2,completed
T0000206,R001,V089,inbound,2026-01-30,2026-01-30 22:49:00,2026-01-30 22:51:00,2026-01-31 00:00:00,2026-01-31 00:04:54,71.0,4.9,completed
T0000207,R001,V079,outbound,2026-01-31,2026-01-31 22:31:00,2026-01-31 22:31:36,2026-01-31 23:45:00,2026-01-31 23:46:36,74.0,1.6,completed
T0000208,R001,V227,inbound,2026-01-31,2026-01-31 14:08:00,2026-01-31 14:08:48,2026-01-31 15:08:00,2026-01-31 15:10:06,60.0,2.1,completed
T0000209,R001,V051,inbound,2026-02-01,2026-02-01 07:28:00,2026-02-01 07:28:48,2026-02-01 08:28:00,2026-02-01 08:30:06,60.0,2.1,completed
T0000210,R001,V089,outbound,2026-02-02,2026-02-02 18:01:00,2026-02-02 18:05:18,2026-02-02 19:11:00,2026-02-02 19:21:48,70.0,10.8,completed
T0000211,R001,V097,outbound,2026-02-02,2026-02-02 17:59:00,2026-02-02 18:05:54,2026-02-02 19:08:00,2026-02-02 19:25:18,69.0,17.3,completed
T0000212,R001,V179,outbound,2026-02-02,2026-02-02 09:07:00,2026-02-02 09:11:24,2026-02-02 10:06:00,2026-02-02 10:16:54,59.0,10.9,completed
T0000213,R001,V041,outbound,2026-02-03,2026-02-03 05:39:00,2026-02-03 05:40:12,2026-02-03 06:45:00,2026-02-03 06:47:54,66.0,2.9,completed
T0000214,R001,V085,outbound,2026-02-03,2026-02-03 17:40:00,2026-02-03 17:43:42,2026-02-03 18:50:00,2026-02-03 18:59:18,70.0,9.3,completed
T0000215,R001,V035,inbound,2026-02-03,2026-02-03 17:47:00,2026-02-03 17:51:18,2026-02-03 18:46:00,2026-02-03 18:56:48,59.0,10.8,completed
T0000216,R001,V124,inbound,2026-02-04,2026-02-04 15:50:00,2026-02-04 15:50:54,2026-02-04 16:58:00,2026-02-04 17:00:12,68.0,2.2,completed
T0000217,R001,V197,outbound,2026-02-04,2026-02-04 11:04:00,2026-02-04 11:04:54,2026-02-04 12:09:00,2026-02-04 12:11:12,65.0,2.2,completed
T0000218,R001,V238,outbound,2026-02-05,2026-02-05 13:16:00,2026-02-05 13:17:24,2026-02-05 14:19:00,2026-02-05 14:22:24,63.0,3.4,completed
T0000219,R001,V167,outbound,2026-02-06,2026-02-06 16:59:00,2026-02-06 17:02:18,2026-02-06 17:58:00,2026-02-06 18:06:18,59.0,8.3,completed
T0000220,R001,V080,outbound,2026-02-06,2026-02-06 09:52:00,2026-02-06 09:57:24,2026-02-06 11:05:00,2026-02-06 11:18:36,73.0,13.6,completed
T0000221,R001,V186,outbound,2026-02-06,2026-02-06 15:18:00,2026-02-06 15:21:12,2026-02-06 16:26:00,2026-02-06 16:34:00,68.0,8.0,completed
T0000222,R001,V226,inbound,2026-02-06,2026-02-06 19:38:00,2026-02-06 19:45:54,2026-02-06 20:36:00,2026-02-06 20:55:48,58.0,19.8,completed
T0000223,R001,V119,outbound,2026-02-07,2026-02-07 15:25:00,2026-02-07 15:25:36,2026-02-07 16:35:00,2026-02-07 16:36:30,70.0,1.5,completed
T0000224,R001,V156,inbound,2026-02-07,2026-02-07 19:20:00,2026-02-07 19:21:00,2026-02-07 20:32:00,2026-02-07 20:34:30,72.0,2.5,completed
T0000225,R001,V172,outbound,2026-02-07,2026-02-07 15:27:00,2026-02-07 15:28:24,2026-02-07 16:38:00,2026-02-07 16:41:36,71.0,3.6,completed
T0000226,R001,V050,inbound,2026-02-08,2026-02-08 13:02:00,2026-02-08 13:03:12,2026-02-08 14:06:00,2026-02-08 14:09:00,64.0,3.0,completed
T0000227,R001,V004,outbound,2026-02-08,2026-02-08 10:46:00,2026-02-08 10:47:12,2026-02-08 11:44:00,2026-02-08 11:47:00,58.0,3.0,completed
T0000228,R001,V133,outbound,2026-02-09,2026-02-09 21:59:00,2026-02-09 22:00:24,2026-02-09 23:06:00,2026-02-09 23:09:24,67.0,3.4,completed
T0000229,R001,V189,inbound,2026-02-09,2026-02-09 16:59:00,2026-02-09 17:01:12,2026-02-09 18:04:00,2026-02-09 18:09:36,65.0,5.6,completed
T0000230,R001,V170,outbound,2026-02-09,2026-02-09 07:04:00,2026-02-09 07:06:36,2026-02-09 08:09:00,2026-02-09 08:15:30,65.0,6.5,completed
T0000231,R001,V217,inbound,2026-02-09,2026-02-09 21:42:00,2026-02-09 21:43:36,2026-02-09 22:41:00,2026-02-09 22:45:00,59.0,4.0,completed
T0000232,R001,V049,outbound,2026-02-10,2026-02-10 07:45:00,2026-02-10 07:48:18,2026-02-10 08:56:00,2026-02-10 09:04:12,71.0,8.2,completed
T0000233,R001,V110,outbound,2026-02-11,2026-02-11 18:14:00,2026-02-11 18:21:24,2026-02-11 19:12:00,2026-02-11 19:30:24,58.0,18.4,completed
T0000234,R001,V245,outbound,2026-02-11,2026-02-11 17:11:00,2026-02-11 17:14:48,2026-02-11 18:11:00,2026-02-11 18:20:36,60.0,9.6,completed
T0000235,R001,V140,inbound,2026-02-12,2026-02-12 15:08:00,2026-02-12 15:09:48,2026-02-12 16:14:00,2026-02-12 16:18:30,66.0,4.5,completed
T0000236,R001,V086,outbound,2026-02-13,2026-02-13 17:28:00,2026-02-13 17:31:06,2026-02-13 18:32:00,2026-02-13 18:39:48,64.0,7.8,completed
T0000237,R001,V186,inbound,2026-02-13,2026-02-13 19:07:00,2026-02-13 19:11:12,2026-02-13 20:05:00,2026-02-13 20:15:36,58.0,10.6,completed
T0000238,R001,V019,inbound,2026-02-13,2026-02-13 17:00:00,2026-02-13 17:05:12,2026-02-13 18:12:00,2026-02-13 18:25:06,72.0,13.1,completed
T0000239,R001,V178,inbound,2026-02-15,2026-02-15 19:12:00,2026-02-15 19:12:54,2026-02-15 20:15:00,2026-02-15 20:17:18,63.0,2.3,completed
T0000240,R001,V235,inbound,2026-02-16,2026-02-16 17:14:00,2026-02-16 17:19:12,2026-02-16 18:20:00,2026-02-16 18:33:00,66.0,13.0,completed
T0000241,R001,V229,inbound,2026-02-16,2026-02-16 08:59:00,2026-02-16 09:02:48,2026-02-16 10:02:00,2026-02-16 10:11:36,63.0,9.6,completed
T0000242,R001,V128,inbound,2026-02-17,2026-02-17 19:03:00,2026-02-17 19:09:36,2026-02-17 20:13:00,2026-02-17 20:29:36,70.0,16.6,completed
T0000243,R001,V205,inbound,2026-02-17,2026-02-17 07:42:00,2026-02-17 07:44:24,2026-02-17 08:49:00,2026-02-17 08:55:06,67.0,6.1,completed
T0000244,R001,V216,inbound,2026-02-18,2026-02-18 18:27:00,2026-02-18 18:30:36,2026-02-18 19:32:00,2026-02-18 19:41:00,65.0,9.0,completed
T0000245,R001,V133,inbound,2026-02-19,2026-02-19 09:27:00,2026-02-19 09:29:30,2026-02-19 10:38:00,2026-02-19 10:44:18,71.0,6.3,completed
T0000246,R001,V037,outbound,2026-02-20,2026-02-20 14:52:00,2026-02-20 14:53:12,2026-02-20 15:58:00,2026-02-20 16:01:00,66.0,3.0,completed
T0000247,R001,V110,inbound,2026-02-20,2026-02-20 18:03:00,2026-02-20 18:09:36,2026-02-20 19:09:00,2026-02-20 19:25:24,66.0,16.4,completed
T0000248,R001,V190,inbound,2026-02-20,2026-02-20 08:30:00,2026-02-20 08:35:54,2026-02-20 09:42:00,2026-02-20 09:56:48,72.0,14.8,completed
T0000249,R001,V100,outbound,2026-02-21,2026-02-21 06:55:00,2026-02-21 06:56:12,2026-02-21 08:05:00,2026-02-21 08:08:00,70.0,3.0,completed
T0000250,R001,V029,inbound,2026-02-21,2026-02-21 11:56:00,2026-02-21 11:56:48,2026-02-21 12:58:00,2026-02-21 13:00:00,62.0,2.0,completed
T0000251,R001,V134,outbound,2026-02-22,2026-02-22 09:47:00,2026-02-22 09:47:54,2026-02-22 10:46:00,2026-02-22 10:48:12,59.0,2.2,completed
T0000252,R001,V208,outbound,2026-02-23,2026-02-23 09:00:00,2026-02-23 09:07:12,2026-02-23 09:58:00,2026-02-23 10:16:06,58.0,18.1,completed
T0000253,R001,V102,outbound,2026-02-24,2026-02-24 12:39:00,2026-02-24 12:41:00,2026-02-24 13:42:00,2026-02-24 13:47:00,63.0,5.0,completed
T0000254,R001,V171,outbound,2026-02-24,2026-02-24 18:21:00,2026-02-24 18:26:12,2026-02-24 19:33:00,2026-02-24 19:46:06,72.0,13.1,completed
T0000255,R001,V059,outbound,2026-02-24,2026-02-24 15:15:00,2026-02-24 15:14:30,2026-02-24 16:27:00,2026-02-24 16:25:48,72.0,-1.2,completed
T0000256,R001,V246,outbound,2026-02-25,2026-02-25 17:56:00,2026-02-25 17:59:36,2026-02-25 19:07:00,2026-02-25 19:16:06,71.0,9.1,completed
T0000257,R001,V205,outbound,2026-02-25,2026-02-25 07:17:00,2026-02-25 07:18:42,2026-02-25 08:17:00,2026-02-25 08:21:18,60.0,4.3,completed
T0000258,R001,V180,outbound,2026-02-25,2026-02-25 07:16:00,2026-02-25 07:18:12,2026-02-25 08:15:00,2026-02-25 08:20:24,59.0,5.4,completed
T0000259,R001,V184,outbound,2026-02-25,2026-02-25 08:20:00,2026-02-25 08:23:48,2026-02-25 09:21:00,2026-02-25 09:30:24,61.0,9.4,completed
T0000260,R001,V074,outbound,2026-02-26,2026-02-26 14:57:00,2026-02-26 14:58:00,2026-02-26 15:57:00,2026-02-26 15:59:24,60.0,2.4,completed
T0000261,R001,V114,outbound,2026-02-26,2026-02-26 07:13:00,2026-02-26 07:16:18,2026-02-26 08:23:00,2026-02-26 08:31:12,70.0,8.2,completed
T0000262,R001,V051,outbound,2026-02-26,2026-02-26 10:14:00,2026-02-26 10:15:12,2026-02-26 11:13:00,2026-02-26 11:15:54,59.0,2.9,completed
T0000263,R001,V183,inbound,2026-02-26,2026-02-26 16:59:00,2026-02-26 17:01:54,2026-02-26 18:05:00,2026-02-26 18:12:18,66.0,7.3,completed
T0000264,R001,V073,inbound,2026-02-27,2026-02-27 06:40:00,2026-02-27 06:40:54,2026-02-27 07:47:00,2026-02-27 07:49:18,67.0,2.3,completed
T0000265,R001,V082,inbound,2026-02-27,2026-02-27 07:27:00,2026-02-27 07:25:54,2026-02-27 08:37:00,2026-02-27 08:34:12,70.0,-2.8,completed
T0000266,R001,V089,inbound,2026-03-01,2026-03-01 18:01:00,2026-03-01 18:02:12,2026-03-01 19:05:00,2026-03-01 19:08:00,64.0,3.0,completed
T0000267,R001,V033,inbound,2026-03-02,2026-03-02 12:19:00,2026-03-02 12:20:12,2026-03-02 13:28:00,2026-03-02 13:30:54,69.0,2.9,completed
T0000268,R001,V020,outbound,2026-03-03,2026-03-03 16:50:00,2026-03-03 16:52:12,2026-03-03 18:00:00,2026-03-03 18:05:36,70.0,5.6,completed
T0000269,R001,V235,inbound,2026-03-03,2026-03-03 18:34:00,2026-03-03 18:37:42,2026-03-03 19:47:00,2026-03-03 19:56:12,73.0,9.2,completed
T0000270,R001,V101,outbound,2026-03-03,2026-03-03 15:59:00,2026-03-03 15:59:54,2026-03-03 17:04:00,2026-03-03 17:06:12,65.0,2.2,completed
T0000271,R001,V222,outbound,2026-03-04,2026-03-04 06:56:00,2026-03-04 06:57:30,2026-03-04 07:59:00,2026-03-04 08:02:48,63.0,3.8,completed
T0000272,R001,V024,inbound,2026-03-04,2026-03-04 15:52:00,2026-03-04 15:53:06,2026-03-04 16:55:00,2026-03-04 16:57:48,63.0,2.8,completed
T0000273,R001,V056,inbound,2026-03-04,2026-03-04 19:28:00,2026-03-04 19:30:42,2026-03-04 20:38:00,2026-03-04 20:44:48,70.0,6.8,completed
T0000274,R001,V218,outbound,2026-03-05,2026-03-05 08:55:00,2026-03-05 08:57:24,2026-03-05 10:02:00,2026-03-05 10:07:54,67.0,5.9,completed
T0000275,R001,V106,inbound,2026-03-05,2026-03-05 08:21:00,2026-03-05 08:25:24,2026-03-05 09:20:00,2026-03-05 09:30:54,59.0,10.9,completed
T0000276,R001,V177,inbound,2026-03-05,2026-03-05 23:02:00,2026-03-05 23:03:00,2026-03-06 00:09:00,2026-03-06 00:11:24,67.0,2.4,completed
T0000277,R001,V066,outbound,2026-03-06,2026-03-06 17:41:00,2026-03-06 17:46:36,2026-03-06 18:49:00,2026-03-06 19:02:54,68.0,13.9,completed
T0000278,R001,V129,outbound,2026-03-08,2026-03-08 07:25:00,2026-03-08 07:26:18,2026-03-08 08:37:00,2026-03-08 08:40:12,72.0,3.2,completed
T0000279,R001,V103,outbound,2026-03-09,2026-03-09 09:51:00,2026-03-09 09:54:48,2026-03-09 10:54:00,2026-03-09 11:03:24,63.0,9.4,completed
T0000280,R001,V074,inbound,2026-03-09,2026-03-09 17:54:00,2026-03-09 17:57:12,2026-03-09 18:58:00,2026-03-09 19:06:06,64.0,8.1,completed
T0000281,R001,V021,inbound,2026-03-09,2026-03-09 11:18:00,2026-03-09 11:17:42,2026-03-09 12:26:00,2026-03-09 12:25:18,68.0,-0.7,completed
T0000282,R001,V114,inbound,2026-03-09,2026-03-09 23:52:00,2026-03-09 23:54:18,2026-03-10 01:05:00,2026-03-10 01:10:42,73.0,5.7,completed
T0000283,R001,V066,inbound,2026-03-09,2026-03-09 06:33:00,2026-03-09 06:34:12,2026-03-09 07:31:00,2026-03-09 07:34:06,58.0,3.1,completed
T0000284,R001,V146,outbound,2026-03-09,2026-03-09 18:10:00,2026-03-09 18:14:06,2026-03-09 19:22:00,2026-03-09 19:32:18,72.0,10.3,completed
T0000285,R001,V038,outbound,2026-03-10,2026-03-10 12:36:00,2026-03-10 12:37:24,2026-03-10 13:38:00,2026-03-10 13:41:36,62.0,3.6,completed
T0000286,R001,V094,outbound,2026-03-10,2026-03-10 18:41:00,2026-03-10 18:45:24,2026-03-10 19:53:00,2026-03-10 20:04:00,72.0,11.0,completed
T0000287,R001,V010,inbound,2026-03-11,2026-03-11 18:15:00,2026-03-11 18:20:54,2026-03-11 19:22:00,2026-03-11 19:36:42,67.0,14.7,completed
T0000288,R001,V117,inbound,2026-03-11,2026-03-11 17:29:00,2026-03-11 17:31:36,2026-03-11 18:40:00,2026-03-11 18:46:30,71.0,6.5,completed
T0000289,R001,V021,inbound,2026-03-11,2026-03-11 19:58:00,2026-03-11 20:02:42,2026-03-11 21:07:00,2026-03-11 21:18:42,69.0,11.7,completed
T0000290,R001,V139,inbound,2026-03-11,2026-03-11 12:52:00,2026-03-11 12:54:00,2026-03-11 13:52:00,2026-03-11 13:56:54,60.0,4.9,completed
T0000291,R001,V201,outbound,2026-03-11,2026-03-11 08:34:00,2026-03-11 08:40:06,2026-03-11 09:46:00,2026-03-11 10:01:18,72.0,15.3,completed
T0000292,R001,V185,outbound,2026-03-12,2026-03-12 15:35:00,2026-03-12 15:36:00,2026-03-12 16:38:00,2026-03-12 16:40:36,63.0,2.6,completed
T0000293,R001,V043,outbound,2026-03-12,2026-03-12 19:48:00,2026-03-12 19:51:00,2026-03-12 20:47:00,2026-03-12 20:54:30,59.0,7.5,completed
T0000294,R001,V127,outbound,2026-03-12,2026-03-12 18:57:00,2026-03-12 19:00:42,2026-03-12 19:58:00,2026-03-12 20:07:12,61.0,9.2,completed
T0000295,R001,V008,outbound,2026-03-13,2026-03-13 07:00:00,2026-03-13 07:02:36,2026-03-13 08:08:00,2026-03-13 08:14:24,68.0,6.4,completed
T0000296,R001,V207,outbound,2026-03-13,2026-03-13 18:07:00,2026-03-13 18:13:18,2026-03-13 19:13:00,2026-03-13 19:28:48,66.0,15.8,completed
T0000297,R001,V112,outbound,2026-03-13,2026-03-13 07:47:00,2026-03-13 07:50:24,2026-03-13 08:51:00,2026-03-13 08:59:30,64.0,8.5,completed
T0000298,R001,V201,inbound,2026-03-15,2026-03-15 10:36:00,2026-03-15 10:36:54,2026-03-15 11:34:00,2026-03-15 11:36:12,58.0,2.2,completed
T0000299,R001,V181,outbound,2026-03-15,2026-03-15 11:14:00,2026-03-15 11:15:06,2026-03-15 12:23:00,2026-03-15 12:25:48,69.0,2.8,completed
T0000300,R001,V115,inbound,2026-03-15,2026-03-15 11:32:00,2026-03-15 11:32:24,2026-03-15 12:37:00,2026-03-15 12:38:00,65.0,1.0,completed
T0000301,R001,V045,inbound,2026-03-16,2026-03-16 08:22:00,2026-03-16 08:25:24,2026-03-16 09:22:00,2026-03-16 09:30:36,60.0,8.6,completed
T0000302,R001,V105,inbound,2026-03-17,2026-03-17 17:44:00,2026-03-17 17:47:00,2026-03-17 18:55:00,2026-03-17 19:02:30,71.0,7.5,completed
T0000303,R001,V127,outbound,2026-03-17,2026-03-17 10:47:00,2026-03-17 10:49:54,2026-03-17 11:53:00,2026-03-17 12:00:18,66.0,7.3,completed
T0000304,R001,V166,outbound,2026-03-17,2026-03-17 10:19:00,2026-03-17 10:21:48,2026-03-17 11:26:00,2026-03-17 11:32:54,67.0,6.9,completed
T0000305,R001,V240,inbound,2026-03-17,2026-03-17 17:04:00,2026-03-17 17:07:12,2026-03-17 18:15:00,2026-03-17 18:23:06,71.0,8.1,completed
T0000306,R001,V062,inbound,2026-03-17,2026-03-17 19:15:00,2026-03-17 19:17:36,2026-03-17 20:29:00,2026-03-17 20:35:24,74.0,6.4,completed
T0000307,R001,V158,inbound,2026-03-18,2026-03-18 03:24:00,2026-03-18 03:24:36,2026-03-18 04:35:00,2026-03-18 04:36:30,71.0,1.5,completed
T0000308,R001,V185,outbound,2026-03-18,2026-03-18 11:55:00,2026-03-18 11:56:36,2026-03-18 12:54:00,2026-03-18 12:57:54,59.0,3.9,completed
T0000309,R001,V103,outbound,2026-03-19,2026-03-19 06:43:00,2026-03-19 06:44:54,2026-03-19 07:40:00,2026-03-19 07:44:42,57.0,4.7,completed
T0000310,R001,V051,outbound,2026-03-19,2026-03-19 09:47:00,2026-03-19 09:49:18,2026-03-19 10:55:00,2026-03-19 11:00:48,68.0,5.8,completed
T0000311,R001,V136,inbound,2026-03-20,2026-03-20 14:54:00,2026-03-20 14:55:18,2026-03-20 16:05:00,2026-03-20 16:08:12,71.0,3.2,completed
T0000312,R001,V107,outbound,2026-03-21,2026-03-21 11:40:00,2026-03-21 11:41:06,2026-03-21 12:39:00,2026-03-21 12:41:42,59.0,2.7,completed
T0000313,R001,V117,inbound,2026-03-23,2026-03-23 18:03:00,2026-03-23 18:11:18,2026-03-23 19:14:00,2026-03-23 19:34:42,71.0,20.7,completed
T0000314,R001,V114,outbound,2026-03-24,2026-03-24 14:17:00,2026-03-24 14:16:06,2026-03-24 15:24:00,2026-03-24 15:21:42,67.0,-2.3,completed
T0000315,R001,V047,inbound,2026-03-24,2026-03-24 09:52:00,2026-03-24 09:56:06,2026-03-24 10:57:00,2026-03-24 11:07:18,65.0,10.3,completed
T0000316,R001,V019,inbound,2026-03-24,2026-03-24 12:30:00,2026-03-24 12:30:30,2026-03-24 13:41:00,2026-03-24 13:42:18,71.0,1.3,completed
T0000317,R001,V145,outbound,2026-03-24,2026-03-24 17:45:00,2026-03-24 17:49:18,2026-03-24 18:53:00,2026-03-24 19:03:42,68.0,10.7,completed
T0000318,R001,V045,outbound,2026-03-24,2026-03-24 07:15:00,2026-03-24 07:16:18,2026-03-24 08:21:00,2026-03-24 08:24:18,66.0,3.3,completed
T0000319,R001,V125,inbound,2026-03-25,2026-03-25 05:47:00,2026-03-25 05:46:00,2026-03-25 06:50:00,2026-03-25 06:47:24,63.0,-2.6,completed
T0000320,R001,V083,outbound,2026-03-25,2026-03-25 06:28:00,2026-03-25 06:28:54,2026-03-25 07:39:00,2026-03-25 07:41:12,71.0,2.2,completed
T0000321,R001,V096,outbound,2026-03-25,2026-03-25 07:44:00,2026-03-25 07:46:48,2026-03-25 08:51:00,2026-03-25 08:58:00,67.0,7.0,completed
T0000322,R001,V074,outbound,2026-03-27,2026-03-27 07:29:00,2026-03-27 07:31:48,2026-03-27 08:41:00,2026-03-27 08:48:06,72.0,7.1,completed
T0000323,R001,V058,inbound,2026-03-27,2026-03-27 07:45:00,2026-03-27 07:47:18,2026-03-27 08:51:00,2026-03-27 08:56:48,66.0,5.8,completed
T0000324,R001,V157,inbound,2026-03-28,2026-03-28 14:10:00,2026-03-28 14:11:00,2026-03-28 15:14:00,2026-03-28 15:16:36,64.0,2.6,completed
T0000325,R001,V126,inbound,2026-03-29,2026-03-29 05:49:00,2026-03-29 05:50:06,2026-03-29 06:55:00,2026-03-29 06:57:48,66.0,2.8,completed
T0000326,R001,V141,inbound,2026-04-01,2026-04-01 17:31:00,2026-04-01 17:34:06,2026-04-01 18:31:00,2026-04-01 18:38:48,60.0,7.8,completed
T0000327,R001,V080,inbound,2026-04-01,2026-04-01 06:10:00,2026-04-01 06:11:36,2026-04-01 07:21:00,2026-04-01 07:24:54,71.0,3.9,completed
T0000328,R001,V048,outbound,2026-04-01,2026-04-01 18:16:00,2026-04-01 18:19:24,2026-04-01 19:26:00,2026-04-01 19:34:30,70.0,8.5,completed
T0000329,R001,V226,outbound,2026-04-01,2026-04-01 10:41:00,2026-04-01 10:44:00,2026-04-01 11:52:00,2026-04-01 11:59:30,71.0,7.5,completed
T0000330,R001,V212,outbound,2026-04-01,2026-04-01 08:58:00,2026-04-01 09:01:36,2026-04-01 10:02:00,2026-04-01 10:11:06,64.0,9.1,completed
T0000331,R001,V095,outbound,2026-04-02,2026-04-02 18:28:00,2026-04-02 18:30:48,2026-04-02 19:37:00,2026-04-02 19:44:00,69.0,7.0,completed
T0000332,R001,V208,outbound,2026-04-02,2026-04-02 18:29:00,2026-04-02 18:33:18,2026-04-02 19:38:00,2026-04-02 19:48:42,69.0,10.7,completed
T0000333,R001,V149,outbound,2026-04-03,2026-04-03 06:35:00,2026-04-03 06:36:48,2026-04-03 07:44:00,2026-04-03 07:48:30,69.0,4.5,completed
T0000334,R001,V237,outbound,2026-04-04,2026-04-04 18:18:00,2026-04-04 18:18:42,2026-04-04 19:20:00,2026-04-04 19:21:48,62.0,1.8,completed
T0000335,R001,V162,outbound,2026-04-04,2026-04-04 15:38:00,2026-04-04 15:39:00,2026-04-04 16:38:00,2026-04-04 16:40:36,60.0,2.6,completed
T0000336,R001,V195,outbound,2026-04-04,2026-04-04 05:07:00,2026-04-04 05:08:00,2026-04-04 06:15:00,2026-04-04 06:17:24,68.0,2.4,completed
T0000337,R001,V217,outbound,2026-04-05,2026-04-05 08:38:00,2026-04-05 08:38:48,2026-04-05 09:47:00,2026-04-05 09:49:06,69.0,2.1,completed
T0000338,R001,V206,outbound,2026-04-06,2026-04-06 10:29:00,2026-04-06 10:31:36,2026-04-06 11:34:00,2026-04-06 11:40:24,65.0,6.4,completed
T0000339,R001,V198,outbound,2026-04-06,2026-04-06 18:59:00,2026-04-06 19:03:06,2026-04-06 20:03:00,2026-04-06 20:13:18,64.0,10.3,cancelled
T0000340,R001,V153,inbound,2026-04-08,2026-04-08 10:46:00,2026-04-08 10:48:06,2026-04-08 11:48:00,2026-04-08 11:53:18,62.0,5.3,completed
T0000341,R001,V127,inbound,2026-04-08,2026-04-08 18:10:00,2026-04-08 18:13:12,2026-04-08 19:14:00,2026-04-08 19:21:54,64.0,7.9,completed
T0000342,R001,V195,inbound,2026-04-08,2026-04-08 09:30:00,2026-04-08 09:35:54,2026-04-08 10:41:00,2026-04-08 10:55:42,71.0,14.7,completed
T0000343,R001,V196,outbound,2026-04-09,2026-04-09 11:38:00,2026-04-09 11:39:48,2026-04-09 12:49:00,2026-04-09 12:53:24,71.0,4.4,completed
T0000344,R001,V024,outbound,2026-04-09,2026-04-09 04:25:00,2026-04-09 04:26:12,2026-04-09 05:26:00,2026-04-09 05:28:54,61.0,2.9,completed
T0000345,R001,V245,inbound,2026-04-09,2026-04-09 19:25:00,2026-04-09 19:27:48,2026-04-09 20:28:00,2026-04-09 20:34:54,63.0,6.9,completed
T0000346,R001,V103,outbound,2026-04-10,2026-04-10 19:37:00,2026-04-10 19:36:18,2026-04-10 20:37:00,2026-04-10 20:35:12,60.0,-1.8,completed
T0000347,R001,V015,outbound,2026-04-10,2026-04-10 17:30:00,2026-04-10 17:35:00,2026-04-10 18:43:00,2026-04-10 18:55:30,73.0,12.5,completed
T0000348,R001,V188,inbound,2026-04-11,2026-04-11 14:38:00,2026-04-11 14:37:24,2026-04-11 15:36:00,2026-04-11 15:34:24,58.0,-1.6,completed
T0000349,R001,V206,outbound,2026-04-11,2026-04-11 21:42:00,2026-04-11 21:42:36,2026-04-11 22:54:00,2026-04-11 22:55:36,72.0,1.6,completed
T0000350,R001,V141,inbound,2026-04-12,2026-04-12 20:38:00,2026-04-12 20:39:12,2026-04-12 21:51:00,2026-04-12 21:54:06,73.0,3.1,completed
T0000351,R001,V132,inbound,2026-04-13,2026-04-13 09:36:00,2026-04-13 09:38:36,2026-04-13 10:49:00,2026-04-13 10:55:30,73.0,6.5,completed
T0000352,R001,V144,inbound,2026-04-13,2026-04-13 08:47:00,2026-04-13 08:51:18,2026-04-13 09:48:00,2026-04-13 09:58:42,61.0,10.7,completed
T0000353,R001,V153,inbound,2026-04-13,2026-04-13 05:29:00,2026-04-13 05:30:36,2026-04-13 06:29:00,2026-04-13 06:32:54,60.0,3.9,completed
T0000354,R001,V065,inbound,2026-04-14,2026-04-14 17:23:00,2026-04-14 17:26:48,2026-04-14 18:24:00,2026-04-14 18:33:24,61.0,9.4,completed
T0000355,R001,V094,outbound,2026-04-14,2026-04-14 19:33:00,2026-04-14 19:36:12,2026-04-14 20:38:00,2026-04-14 20:46:06,65.0,8.1,completed
T0000356,R001,V053,outbound,2026-04-14,2026-04-14 16:13:00,2026-04-14 16:14:24,2026-04-14 17:12:00,2026-04-14 17:15:30,59.0,3.5,completed
T0000357,R001,V195,inbound,2026-04-15,2026-04-15 16:33:00,2026-04-15 16:35:00,2026-04-15 17:40:00,2026-04-15 17:45:06,67.0,5.1,completed
T0000358,R001,V125,inbound,2026-04-16,2026-04-16 13:03:00,2026-04-16 13:04:24,2026-04-16 14:08:00,2026-04-16 14:11:36,65.0,3.6,completed
T0000359,R001,V114,inbound,2026-04-16,2026-04-16 08:37:00,2026-04-16 08:40:42,2026-04-16 09:39:00,2026-04-16 09:48:12,62.0,9.2,completed
T0000360,R001,V194,inbound,2026-04-16,2026-04-16 06:26:00,2026-04-16 06:26:48,2026-04-16 07:37:00,2026-04-16 07:39:06,71.0,2.1,completed
T0000361,R001,V245,inbound,2026-04-18,2026-04-18 15:42:00,2026-04-18 15:42:48,2026-04-18 16:46:00,2026-04-18 16:47:54,64.0,1.9,completed
T0000362,R001,V093,inbound,2026-04-18,2026-04-18 06:43:00,2026-04-18 06:43:54,2026-04-18 07:57:00,,74.0,2.2,completed
T0000363,R001,V124,outbound,2026-04-19,2026-04-19 14:46:00,2026-04-19 14:46:54,2026-04-19 15:57:00,2026-04-19 15:59:18,71.0,2.3,completed
T0000364,R001,V034,inbound,2026-04-19,2026-04-19 14:49:00,2026-04-19 14:49:54,2026-04-19 16:01:00,2026-04-19 16:03:18,72.0,2.3,completed
T0000365,R001,V098,outbound,2026-04-20,2026-04-20 15:13:00,2026-04-20 15:14:24,2026-04-20 16:13:00,2026-04-20 16:16:30,60.0,3.5,completed
T0000366,R001,V189,outbound,2026-04-21,2026-04-21 06:00:00,2026-04-21 06:01:18,2026-04-21 07:00:00,2026-04-21 07:03:12,60.0,3.2,completed
T0000367,R001,V181,inbound,2026-04-23,2026-04-23 06:59:00,2026-04-23 07:00:24,2026-04-23 07:57:00,2026-04-23 08:00:36,58.0,3.6,completed
T0000368,R001,V123,outbound,2026-04-23,2026-04-23 10:53:00,2026-04-23 10:54:54,2026-04-23 12:06:00,2026-04-23 12:10:48,73.0,4.8,completed
T0000369,R001,V112,inbound,2026-04-23,2026-04-23 12:11:00,2026-04-23 12:12:12,2026-04-23 13:22:00,2026-04-23 13:24:54,71.0,2.9,completed
T0000370,R001,V026,outbound,2026-04-23,2026-04-23 18:13:00,2026-04-23 18:17:42,2026-04-23 19:23:00,2026-04-23 19:34:48,70.0,11.8,completed
T0000371,R001,V077,outbound,2026-04-23,2026-04-23 08:45:00,2026-04-23 08:48:00,2026-04-23 09:54:00,2026-04-23 10:01:36,69.0,7.6,completed
T0000372,R001,V154,outbound,2026-04-23,2026-04-23 18:00:00,2026-04-23 18:04:24,2026-04-23 19:11:00,2026-04-23 19:21:54,71.0,10.9,completed
T0000373,R001,V191,inbound,2026-04-24,2026-04-24 14:08:00,2026-04-24 14:09:48,2026-04-24 15:07:00,2026-04-24 15:11:36,59.0,4.6,completed
T0000374,R001,V078,inbound,2026-04-24,2026-04-24 12:09:00,2026-04-24 12:10:24,2026-04-24 13:15:00,2026-04-24 13:18:24,66.0,3.4,completed
T0000375,R001,V001,outbound,2026-04-25,2026-04-25 15:50:00,2026-04-25 15:51:18,2026-04-25 17:04:00,2026-04-25 17:07:18,74.0,3.3,completed
T0000376,R001,V238,inbound,2026-04-25,2026-04-25 20:34:00,2026-04-25 20:34:36,2026-04-25 21:32:00,2026-04-25 21:33:24,58.0,1.4,completed
T0000377,R001,V106,outbound,2026-04-26,2026-04-26 08:12:00,2026-04-26 08:13:06,2026-04-26 09:24:00,2026-04-26 09:26:48,72.0,2.8,completed
T0000378,R001,V046,inbound,2026-04-27,2026-04-27 23:00:00,2026-04-27 23:01:30,2026-04-28 00:09:00,2026-04-28 00:12:42,69.0,3.7,completed
T0000379,R001,V180,inbound,2026-04-28,2026-04-28 06:28:00,2026-04-28 06:31:36,2026-04-28 07:29:00,2026-04-28 07:37:54,61.0,8.9,completed
T0000380,R001,V156,inbound,2026-04-29,2026-04-29 14:51:00,2026-04-29 14:51:54,2026-04-29 16:04:00,2026-04-29 16:06:18,73.0,2.3,completed
T0000381,R001,V180,inbound,2026-04-30,2026-04-30 16:25:00,2026-04-30 16:26:18,2026-04-30 17:35:00,2026-04-30 17:38:12,70.0,3.2,completed
T0000382,R001,V038,inbound,2026-04-30,2026-04-30 13:08:00,2026-04-30 13:09:24,2026-04-30 14:15:00,2026-04-30 14:18:30,67.0,3.5,completed
T0000383,R001,V236,outbound,2026-05-01,2026-05-01 10:33:00,2026-05-01 10:35:18,2026-05-01 11:40:00,2026-05-01 11:45:42,67.0,5.7,completed
T0000384,R001,V221,inbound,2026-05-02,2026-05-02 11:18:00,2026-05-02 11:17:48,2026-05-02 12:17:00,2026-05-02 12:16:30,59.0,-0.5,completed
T0000385,R001,V073,inbound,2026-05-02,2026-05-02 17:31:00,2026-05-02 17:31:48,2026-05-02 18:45:00,2026-05-02 18:46:54,74.0,1.9,completed
T0000386,R001,V161,inbound,2026-05-04,2026-05-04 15:45:00,2026-05-04 15:44:00,2026-05-04 16:49:00,2026-05-04 16:46:24,64.0,-2.6,completed
T0000387,R001,V016,outbound,2026-05-04,2026-05-04 07:47:00,2026-05-04 07:49:12,2026-05-04 08:48:00,2026-05-04 08:53:36,61.0,5.6,completed
T0000388,R001,V030,outbound,2026-05-06,2026-05-06 05:41:00,2026-05-06 05:42:30,2026-05-06 06:51:00,2026-05-06 06:54:42,70.0,3.7,completed
T0000389,R001,V250,outbound,2026-05-07,2026-05-07 18:53:00,2026-05-07 18:58:12,2026-05-07 20:05:00,2026-05-07 20:17:54,72.0,12.9,completed
T0000390,R001,V045,inbound,2026-05-08,2026-05-08 11:48:00,2026-05-08 11:49:54,2026-05-08 12:51:00,2026-05-08 12:55:42,63.0,4.7,completed
T0000391,R001,V063,inbound,2026-05-09,2026-05-09 16:50:00,2026-05-09 16:50:42,2026-05-09 17:55:00,2026-05-09 17:56:48,65.0,1.8,completed
T0000392,R001,V014,outbound,2026-05-09,2026-05-09 13:17:00,2026-05-09 13:17:54,2026-05-09 14:21:00,2026-05-09 14:23:18,64.0,2.3,completed
T0000393,R001,V236,outbound,2026-05-09,2026-05-09 08:52:00,2026-05-09 08:53:12,2026-05-09 10:04:00,2026-05-09 10:06:54,72.0,2.9,completed
T0000394,R001,V089,inbound,2026-05-09,2026-05-09 19:07:00,2026-05-09 19:08:06,2026-05-09 20:13:00,2026-05-09 20:15:48,66.0,2.8,completed
T0000395,R001,V057,inbound,2026-05-10,2026-05-10 15:31:00,2026-05-10 15:30:24,2026-05-10 16:42:00,2026-05-10 16:40:24,71.0,-1.6,completed
T0000396,R001,V073,inbound,2026-05-10,2026-05-10 05:04:00,2026-05-10 05:04:30,2026-05-10 06:02:00,2026-05-10 06:03:18,58.0,1.3,completed
T0000397,R001,V211,outbound,2026-05-10,2026-05-10 18:04:00,2026-05-10 18:04:54,2026-05-10 19:17:00,2026-05-10 19:19:18,73.0,2.3,completed
T0000398,R001,V175,inbound,2026-05-10,2026-05-10 09:22:00,2026-05-10 09:22:48,2026-05-10 10:32:00,2026-05-10 10:34:06,70.0,2.1,completed
T0000399,R001,V119,inbound,2026-05-11,2026-05-11 10:52:00,2026-05-11 10:55:36,2026-05-11 11:52:00,2026-05-11 12:01:00,60.0,9.0,completed
T0000400,R001,V159,inbound,2026-05-11,2026-05-11 13:36:00,2026-05-11 13:36:54,2026-05-11 14:40:00,2026-05-11 14:42:18,64.0,2.3,completed
T0000401,R001,V129,inbound,2026-05-12,2026-05-12 07:39:00,2026-05-12 07:41:00,2026-05-12 08:44:00,2026-05-12 08:49:06,65.0,5.1,completed
T0000402,R001,V195,outbound,2026-05-12,2026-05-12 00:38:00,2026-05-12 00:40:24,2026-05-12 01:46:00,2026-05-12 01:51:54,68.0,5.9,completed
T0000403,R001,V059,outbound,2026-05-12,2026-05-12 15:28:00,2026-05-12 15:29:36,2026-05-12 16:39:00,2026-05-12 16:42:54,71.0,3.9,completed
T0000404,R001,V246,inbound,2026-05-12,2026-05-12 16:36:00,2026-05-12 16:37:42,2026-05-12 17:44:00,2026-05-12 17:48:18,68.0,4.3,completed
T0000405,R001,V015,outbound,2026-05-12,2026-05-12 19:29:00,2026-05-12 19:31:30,2026-05-12 20:27:00,2026-05-12 20:33:12,58.0,6.2,completed
T0000406,R001,V078,outbound,2026-05-14,2026-05-14 08:42:00,2026-05-14 08:47:24,2026-05-14 09:54:00,2026-05-14 10:07:36,72.0,13.6,completed
T0000407,R001,V072,inbound,2026-05-14,2026-05-14 14:41:00,2026-05-14 14:40:36,2026-05-14 15:42:00,2026-05-14 15:41:00,61.0,-1.0,completed
T0000408,R001,V199,inbound,2026-05-14,2026-05-14 08:10:00,2026-05-14 08:14:06,2026-05-14 09:23:00,2026-05-14 09:33:12,73.0,10.2,completed
T0000409,R001,V167,inbound,2026-05-15,2026-05-15 19:29:00,2026-05-15 19:33:48,2026-05-15 20:38:00,2026-05-15 20:50:00,69.0,12.0,completed
T0000410,R001,V127,inbound,2026-05-16,2026-05-16 11:22:00,2026-05-16 11:23:00,2026-05-16 12:28:00,2026-05-16 12:30:36,66.0,2.6,completed
T0000411,R001,V082,outbound,2026-05-16,2026-05-16 09:11:00,2026-05-16 09:12:06,2026-05-16 10:20:00,2026-05-16 10:22:48,69.0,2.8,completed
T0000412,R001,V003,inbound,2026-05-17,2026-05-17 13:56:00,2026-05-17 13:56:48,2026-05-17 15:05:00,2026-05-17 15:06:54,69.0,1.9,completed
T0000413,R001,V218,outbound,2026-05-18,2026-05-18 13:18:00,2026-05-18 13:19:12,2026-05-18 14:29:00,2026-05-18 14:32:06,71.0,3.1,completed
T0000414,R001,V209,inbound,2026-05-19,2026-05-19 13:49:00,2026-05-19 13:48:24,2026-05-19 14:58:00,2026-05-19 14:56:24,69.0,-1.6,completed
T0000415,R001,V191,outbound,2026-05-19,2026-05-19 08:06:00,2026-05-19 08:05:24,2026-05-19 09:07:00,2026-05-19 09:05:36,61.0,-1.4,completed
T0000416,R001,V147,inbound,2026-05-20,2026-05-20 16:43:00,2026-05-20 16:44:36,2026-05-20 17:52:00,2026-05-20 17:56:00,69.0,4.0,completed
T0000417,R001,V014,inbound,2026-05-20,2026-05-20 11:25:00,2026-05-20 11:26:12,2026-05-20 12:38:00,2026-05-20 12:40:54,73.0,2.9,completed
T0000418,R001,V080,inbound,2026-05-20,2026-05-20 15:28:00,2026-05-20 15:29:06,2026-05-20 16:33:00,2026-05-20 16:35:42,65.0,2.7,completed
T0000419,R001,V232,outbound,2026-05-20,2026-05-20 18:35:00,2026-05-20 18:40:48,2026-05-20 19:33:00,2026-05-20 19:47:24,58.0,14.4,completed
T0000420,R001,V198,outbound,2026-05-21,2026-05-21 18:31:00,2026-05-21 18:37:42,2026-05-21 19:42:00,2026-05-21 19:58:42,71.0,16.7,completed
T0000421,R001,V154,outbound,2026-05-21,2026-05-21 18:46:00,2026-05-21 18:44:54,2026-05-21 19:54:00,2026-05-21 19:51:18,68.0,-2.7,completed
T0000422,R001,V078,inbound,2026-05-22,2026-05-22 15:18:00,2026-05-22 15:19:24,2026-05-22 16:17:00,2026-05-22 16:20:30,59.0,3.5,completed
T0000423,R001,V012,inbound,2026-05-24,2026-05-24 06:59:00,2026-05-24 06:59:54,2026-05-24 08:05:00,2026-05-24 08:07:12,66.0,2.2,completed
T0000424,R001,V020,outbound,2026-05-24,2026-05-24 08:52:00,2026-05-24 08:53:36,2026-05-24 09:52:00,2026-05-24 09:56:06,60.0,4.1,completed
T0000425,R001,V232,outbound,2026-05-25,2026-05-25 08:41:00,2026-05-25 08:44:18,2026-05-25 09:49:00,2026-05-25 09:57:12,68.0,8.2,completed
T0000426,R001,V135,inbound,2026-05-25,2026-05-25 18:00:00,2026-05-25 18:03:36,2026-05-25 19:08:00,2026-05-25 19:16:54,68.0,8.9,completed
T0000427,R001,V221,inbound,2026-05-25,2026-05-25 10:59:00,2026-05-25 11:01:24,2026-05-25 12:08:00,2026-05-25 12:14:06,69.0,6.1,completed
T0000428,R001,V102,inbound,2026-05-26,2026-05-26 17:07:00,2026-05-26 17:09:54,2026-05-26 18:06:00,2026-05-26 18:13:18,59.0,7.3,completed
T0000429,R001,V069,inbound,2026-05-26,2026-05-26 17:59:00,2026-05-26 18:02:48,2026-05-26 18:58:00,2026-05-26 19:07:36,59.0,9.6,completed
T0000430,R001,V004,inbound,2026-05-27,2026-05-27 16:50:00,2026-05-27 16:52:12,2026-05-27 17:58:00,2026-05-27 18:03:36,68.0,5.6,completed
T0000431,R001,V090,outbound,2026-05-27,2026-05-27 17:10:00,2026-05-27 17:12:48,2026-05-27 18:12:00,2026-05-27 18:19:00,62.0,7.0,completed
T0000432,R001,V053,inbound,2026-05-27,2026-05-27 07:43:00,2026-05-27 07:45:18,2026-05-27 08:43:00,2026-05-27 08:48:48,60.0,5.8,completed
T0000433,R001,V154,outbound,2026-05-27,2026-05-27 08:56:00,2026-05-27 09:00:00,2026-05-27 09:57:00,2026-05-27 10:07:00,61.0,10.0,completed
T0000434,R001,V198,outbound,2026-05-28,2026-05-28 07:25:00,2026-05-28 07:24:12,2026-05-28 08:25:00,2026-05-28 08:23:00,60.0,-2.0,completed
T0000435,R001,V011,inbound,2026-05-28,2026-05-28 06:50:00,2026-05-28 06:52:36,2026-05-28 08:02:00,2026-05-28 08:08:30,72.0,6.5,completed
T0000436,R001,V221,inbound,2026-05-29,2026-05-29 08:44:00,2026-05-29 08:43:00,2026-05-29 09:44:00,2026-05-29 09:41:24,60.0,-2.6,completed
T0000437,R001,V246,outbound,2026-05-31,2026-05-31 15:56:00,2026-05-31 15:57:00,2026-05-31 17:09:00,2026-05-31 17:11:24,73.0,2.4,completed
T0000438,R001,V223,outbound,2026-05-31,2026-05-31 09:19:00,2026-05-31 09:20:24,2026-05-31 10:31:00,2026-05-31 10:34:24,72.0,3.4,completed
T0000439,R001,V193,outbound,2026-05-31,2026-05-31 00:53:00,2026-05-31 00:54:06,2026-05-31 02:02:00,2026-05-31 02:04:48,69.0,2.8,completed
T0000440,R001,V116,inbound,2026-05-31,2026-05-31 12:45:00,2026-05-31 12:45:42,2026-05-31 13:58:00,2026-05-31 13:59:48,73.0,1.8,completed
T0000441,R001,V231,inbound,2026-06-01,2026-06-01 09:54:00,2026-06-01 09:59:54,2026-06-01 10:54:00,2026-06-01 11:08:42,60.0,14.7,completed
T0000442,R001,V166,outbound,2026-06-02,2026-06-02 07:58:00,2026-06-02 08:00:12,2026-06-02 09:04:00,2026-06-02 09:09:30,66.0,5.5,completed
T0000443,R001,V198,inbound,2026-06-02,2026-06-02 06:16:00,2026-06-02 06:18:06,2026-06-02 07:15:00,2026-06-02 07:20:12,59.0,5.2,completed
T0000444,R001,V040,outbound,2026-06-03,2026-06-03 07:33:00,2026-06-03 07:36:12,2026-06-03 08:31:00,2026-06-03 08:38:54,58.0,7.9,completed
T0000445,R001,V143,inbound,2026-06-03,2026-06-03 11:43:00,2026-06-03 11:44:00,2026-06-03 12:45:00,2026-06-03 12:47:24,62.0,2.4,completed
T0000446,R001,V107,inbound,2026-06-05,2026-06-05 17:53:00,2026-06-05 17:58:48,2026-06-05 18:55:00,2026-06-05 19:09:30,62.0,14.5,completed
T0000447,R001,V073,inbound,2026-06-05,2026-06-05 19:51:00,2026-06-05 19:55:48,2026-06-05 20:54:00,2026-06-05 21:06:06,63.0,12.1,completed
T0000448,R001,V186,outbound,2026-06-05,2026-06-05 17:05:00,2026-06-05 17:03:48,2026-06-05 18:08:00,2026-06-05 18:05:06,63.0,-2.9,completed
T0000449,R001,V066,inbound,2026-06-06,2026-06-06 21:51:00,2026-06-06 21:51:48,2026-06-06 22:53:00,2026-06-06 22:55:06,62.0,2.1,completed
T0000450,R001,V137,outbound,2026-06-09,2026-06-09 17:48:00,2026-06-09 17:50:24,2026-06-09 18:59:00,2026-06-09 19:05:06,71.0,6.1,completed
T0000451,R001,V186,inbound,2026-06-09,2026-06-09 18:40:00,2026-06-09 18:43:12,2026-06-09 19:41:00,2026-06-09 19:49:00,61.0,8.0,completed
T0000452,R001,V188,inbound,2026-06-10,2026-06-10 06:29:00,2026-06-10 06:30:18,2026-06-10 07:29:00,2026-06-10 07:32:18,60.0,3.3,completed
T0000453,R001,V192,inbound,2026-06-11,2026-06-11 17:47:00,2026-06-11 17:51:30,2026-06-11 18:57:00,2026-06-11 19:08:12,70.0,11.2,completed
T0000454,R001,V152,outbound,2026-06-12,2026-06-12 18:34:00,2026-06-12 18:39:24,2026-06-12 19:40:00,2026-06-12 19:53:30,66.0,13.5,completed
T0000455,R001,V138,inbound,2026-06-12,2026-06-12 08:00:00,2026-06-12 08:04:24,2026-06-12 09:10:00,2026-06-12 09:21:00,70.0,11.0,completed
T0000456,R001,V180,inbound,2026-06-13,2026-06-13 10:57:00,2026-06-13 10:57:48,2026-06-13 12:07:00,2026-06-13 12:08:54,70.0,1.9,completed
T0000457,R001,V147,inbound,2026-06-13,2026-06-13 12:21:00,2026-06-13 12:21:48,2026-06-13 13:19:00,2026-06-13 13:21:06,58.0,2.1,completed
T0000458,R001,V063,outbound,2026-06-14,2026-06-14 13:54:00,2026-06-14 13:54:36,2026-06-14 15:03:00,2026-06-14 15:04:36,69.0,1.6,completed
T0000459,R001,V105,outbound,2026-06-15,2026-06-15 15:59:00,2026-06-15 16:01:24,2026-06-15 17:10:00,2026-06-15 17:15:54,71.0,5.9,completed
T0000460,R001,V205,outbound,2026-06-15,2026-06-15 16:18:00,2026-06-15 16:20:06,2026-06-15 17:29:00,2026-06-15 17:34:12,71.0,5.2,completed
T0000461,R001,V195,inbound,2026-06-16,2026-06-16 17:10:00,2026-06-16 17:14:42,2026-06-16 18:21:00,2026-06-16 18:32:42,71.0,11.7,completed
T0000462,R001,V086,inbound,2026-06-17,2026-06-17 18:43:00,2026-06-17 18:46:42,2026-06-17 19:48:00,2026-06-17 19:57:18,65.0,9.3,completed
T0000463,R001,V087,inbound,2026-06-18,2026-06-18 17:38:00,2026-06-18 17:42:00,2026-06-18 18:44:00,2026-06-18 18:53:54,66.0,9.9,completed
T0000464,R001,V045,inbound,2026-06-18,2026-06-18 10:05:00,2026-06-18 10:06:18,2026-06-18 11:16:00,2026-06-18 11:19:12,71.0,3.2,completed
T0000465,R001,V074,inbound,2026-06-18,2026-06-18 06:17:00,2026-06-18 06:18:42,2026-06-18 07:19:00,2026-06-18 07:23:12,62.0,4.2,completed
T0000466,R001,V141,outbound,2026-06-18,2026-06-18 15:09:00,2026-06-18 15:10:36,2026-06-18 16:21:00,2026-06-18 16:24:54,72.0,3.9,completed
T0000467,R001,V235,outbound,2026-06-19,2026-06-19 11:28:00,2026-06-19 11:29:24,2026-06-19 12:30:00,2026-06-19 12:33:24,62.0,3.4,completed
T0000468,R001,V147,outbound,2026-06-20,2026-06-20 12:56:00,2026-06-20 12:56:48,2026-06-20 13:59:00,2026-06-20 14:00:54,63.0,1.9,completed
T0000469,R001,V039,inbound,2026-06-21,2026-06-21 09:04:00,2026-06-21 09:04:54,2026-06-21 10:06:00,2026-06-21 10:08:12,62.0,2.2,completed
T0000470,R001,V007,inbound,2026-06-21,2026-06-21 10:44:00,2026-06-21 10:45:00,2026-06-21 11:44:00,2026-06-21 11:46:24,60.0,2.4,completed
T0000471,R001,V080,inbound,2026-06-22,2026-06-22 16:17:00,2026-06-22 16:19:30,2026-06-22 17:29:00,2026-06-22 17:35:12,72.0,6.2,completed
T0000472,R001,V025,outbound,2026-06-22,2026-06-22 07:47:00,2026-06-22 07:49:18,2026-06-22 09:00:00,2026-06-22 09:05:42,73.0,5.7,completed
T0000473,R001,V119,outbound,2026-06-22,2026-06-22 06:59:00,2026-06-22 06:59:54,2026-06-22 08:07:00,2026-06-22 08:09:12,68.0,2.2,completed
T0000474,R001,V041,inbound,2026-06-23,2026-06-23 06:08:00,2026-06-23 06:09:36,2026-06-23 07:17:00,2026-06-23 07:20:54,69.0,3.9,completed
T0000475,R001,V130,outbound,2026-06-23,2026-06-23 14:28:00,2026-06-23 14:28:48,2026-06-23 15:27:00,2026-06-23 15:29:06,59.0,2.1,completed
T0000476,R001,V207,inbound,2026-06-23,2026-06-23 23:35:00,2026-06-23 23:35:42,2026-06-24 00:39:00,2026-06-24 00:40:48,64.0,1.8,completed
T0000477,R001,V036,outbound,2026-06-23,2026-06-23 09:47:00,2026-06-23 09:50:24,2026-06-23 11:00:00,2026-06-23 11:08:36,73.0,8.6,completed
T0000478,R001,V213,outbound,2026-06-24,2026-06-24 21:17:00,2026-06-24 21:18:48,2026-06-24 22:24:00,2026-06-24 22:28:36,67.0,4.6,completed
T0000479,R001,V196,inbound,2026-06-24,2026-06-24 06:55:00,2026-06-24 06:55:42,2026-06-24 07:55:00,2026-06-24 07:56:42,60.0,1.7,completed
T0000480,R001,V084,inbound,2026-06-25,2026-06-25 04:31:00,2026-06-25 04:33:12,2026-06-25 05:33:00,2026-06-25 05:38:36,62.0,5.6,completed
T0000481,R001,V138,inbound,2026-06-25,2026-06-25 09:33:00,2026-06-25 09:35:42,2026-06-25 10:32:00,2026-06-25 10:38:42,59.0,6.7,completed
T0000482,R001,V220,outbound,2026-06-27,2026-06-27 09:25:00,2026-06-27 09:25:42,2026-06-27 10:37:00,2026-06-27 10:38:48,72.0,1.8,completed
T0000483,R001,V012,inbound,2026-06-27,2026-06-27 05:41:00,2026-06-27 05:41:48,2026-06-27 06:53:00,2026-06-27 06:54:54,72.0,1.9,completed
T0000484,R001,V059,outbound,2026-06-28,2026-06-28 20:43:00,2026-06-28 20:44:06,2026-06-28 21:51:00,2026-06-28 21:53:48,68.0,2.8,completed
T0000485,R001,V036,outbound,2026-06-29,2026-06-29 18:14:00,2026-06-29 18:19:54,2026-06-29 19:15:00,2026-06-29 19:29:48,61.0,14.8,completed
T0000486,R001,V139,inbound,2026-06-29,2026-06-29 15:49:00,2026-06-29 15:50:48,2026-06-29 16:57:00,2026-06-29 17:01:24,68.0,4.4,completed
T0000487,R001,V184,inbound,2026-06-29,2026-06-29 08:33:00,2026-06-29 08:35:36,2026-06-29 09:39:00,2026-06-29 09:45:24,66.0,6.4,completed
T0000488,R001,V036,inbound,2026-06-29,2026-06-29 18:57:00,2026-06-29 19:02:30,2026-06-29 19:56:00,2026-06-29 20:09:42,59.0,13.7,completed
T0000489,R001,V173,outbound,2026-06-29,2026-06-29 22:46:00,2026-06-29 22:47:00,2026-06-29 23:48:00,2026-06-29 23:50:24,62.0,2.4,completed
T0000490,R001,V105,inbound,2026-06-30,2026-06-30 19:08:00,2026-06-30 19:10:42,2026-06-30 20:20:00,2026-06-30 20:26:42,72.0,6.7,completed
T0000491,R001,V069,outbound,2026-06-30,2026-06-30 07:43:00,2026-06-30 07:45:54,2026-06-30 08:56:00,2026-06-30 09:03:12,73.0,7.2,completed
T0000492,R001,V142,outbound,2026-07-01,2026-07-01 08:34:00,2026-07-01 08:37:24,2026-07-01 09:41:00,2026-07-01 09:49:36,67.0,8.6,completed
T0000493,R001,V221,outbound,2026-07-01,2026-07-01 18:53:00,2026-07-01 18:56:12,2026-07-01 19:52:00,2026-07-01 19:59:54,59.0,7.9,completed
T0000494,R001,V038,outbound,2026-07-02,2026-07-02 17:38:00,2026-07-02 17:41:42,2026-07-02 18:44:00,2026-07-02 18:53:12,66.0,9.2,completed
T0000495,R001,V127,inbound,2026-07-02,2026-07-02 19:28:00,2026-07-02 19:32:00,2026-07-02 20:31:00,2026-07-02 20:41:00,63.0,10.0,completed
T0000496,R001,V027,inbound,2026-07-03,2026-07-03 17:47:00,2026-07-03 17:50:36,2026-07-03 18:56:00,2026-07-03 19:04:54,69.0,8.9,completed
T0000497,R001,V166,inbound,2026-07-03,2026-07-03 12:08:00,2026-07-03 12:09:36,2026-07-03 13:13:00,2026-07-03 13:17:06,65.0,4.1,cancelled
T0000498,R001,V038,inbound,2026-07-03,2026-07-03 19:47:00,2026-07-03 19:50:00,2026-07-03 20:57:00,2026-07-03 21:04:36,70.0,7.6,completed
T0000499,R001,V165,inbound,2026-07-03,2026-07-03 09:10:00,2026-07-03 09:14:36,2026-07-03 10:11:00,2026-07-03 10:22:36,61.0,11.6,completed
T0000500,R001,V058,inbound,2026-07-03,2026-07-03 22:10:00,2026-07-03 22:11:18,2026-07-03 23:15:00,2026-07-03 23:18:12,65.0,3.2,completed
T0000501,R001,V216,inbound,2026-07-04,2026-07-04 07:58:00,2026-07-04 07:59:06,2026-07-04 09:10:00,2026-07-04 09:12:42,72.0,2.7,completed
T0000502,R001,V083,inbound,2026-07-04,2026-07-04 08:28:00,2026-07-04 08:28:54,2026-07-04 09:30:00,2026-07-04 09:32:18,62.0,2.3,completed
T0000503,R001,V093,inbound,2026-07-05,2026-07-05 20:24:00,2026-07-05 20:25:30,2026-07-05 21:34:00,2026-07-05 21:37:48,70.0,3.8,completed
T0000504,R001,V181,inbound,2026-07-06,2026-07-06 11:54:00,2026-07-06 11:55:42,2026-07-06 12:57:00,2026-07-06 13:01:12,63.0,4.2,completed
T0000505,R001,V076,inbound,2026-07-07,2026-07-07 14:52:00,2026-07-07 14:53:12,2026-07-07 15:51:00,2026-07-07 15:53:54,59.0,2.9,completed
T0000506,R001,V235,outbound,2026-07-07,2026-07-07 08:09:00,2026-07-07 08:13:36,2026-07-07 09:19:00,2026-07-07 09:30:36,70.0,11.6,completed
T0000507,R001,V235,outbound,2026-07-08,2026-07-08 09:56:00,2026-07-08 09:59:12,2026-07-08 10:54:00,2026-07-08 11:01:54,58.0,7.9,completed
T0000508,R001,V043,inbound,2026-07-09,2026-07-09 17:55:00,2026-07-09 17:58:48,2026-07-09 19:04:00,2026-07-09 19:13:30,69.0,9.5,completed
T0000509,R001,V227,inbound,2026-07-09,2026-07-09 05:28:00,2026-07-09 05:30:00,2026-07-09 06:34:00,2026-07-09 06:38:54,66.0,4.9,completed
T0000510,R001,V021,outbound,2026-07-10,2026-07-10 19:10:00,2026-07-10 19:09:36,2026-07-10 20:19:00,2026-07-10 20:18:06,69.0,-0.9,completed
T0000511,R001,V181,inbound,2026-07-10,2026-07-10 06:33:00,2026-07-10 06:34:36,2026-07-10 07:33:00,2026-07-10 07:37:00,60.0,4.0,completed
T0000512,R001,V171,outbound,2026-07-11,2026-07-11 11:00:00,2026-07-11 11:01:00,2026-07-11 11:58:00,2026-07-11 12:00:30,58.0,2.5,completed
T0000513,R001,V001,outbound,2026-07-11,2026-07-11 15:37:00,2026-07-11 15:37:30,2026-07-11 16:48:00,2026-07-11 16:49:12,71.0,1.2,completed
T0000514,R001,V223,inbound,2026-07-12,2026-07-12 16:52:00,2026-07-12 16:52:36,2026-07-12 18:04:00,2026-07-12 18:05:24,72.0,1.4,completed
T0000515,R001,V055,outbound,2026-07-12,2026-07-12 19:59:00,2026-07-12 19:59:42,2026-07-12 21:12:00,2026-07-12 21:13:48,73.0,1.8,completed
T0000516,R001,V010,inbound,2026-07-12,2026-07-12 07:57:00,2026-07-12 07:58:00,2026-07-12 08:55:00,2026-07-12 08:57:30,58.0,2.5,completed
T0000517,R001,V244,outbound,2026-07-13,2026-07-13 08:45:00,2026-07-13 08:48:36,2026-07-13 09:51:00,2026-07-13 09:59:54,66.0,8.9,completed
T0000518,R001,V175,inbound,2026-07-13,2026-07-13 11:52:00,2026-07-13 11:53:06,2026-07-13 12:51:00,2026-07-13 12:53:48,59.0,2.8,completed
T0000519,R001,V011,outbound,2026-07-14,2026-07-14 11:07:00,2026-07-14 11:07:54,2026-07-14 12:21:00,2026-07-14 12:23:12,74.0,2.2,completed
T0000520,R001,V023,outbound,2026-07-16,2026-07-16 07:41:00,2026-07-16 07:43:36,2026-07-16 08:46:00,2026-07-16 08:52:30,65.0,6.5,completed
T0000521,R001,V129,outbound,2026-07-17,2026-07-17 19:19:00,2026-07-17 19:22:42,2026-07-17 20:30:00,2026-07-17 20:39:12,71.0,9.2,completed
T0000522,R001,V049,outbound,2026-07-17,2026-07-17 08:58:00,2026-07-17 09:00:48,2026-07-17 10:02:00,2026-07-17 10:08:54,64.0,6.9,completed
T0000523,R001,V166,inbound,2026-07-18,2026-07-18 14:38:00,2026-07-18 14:39:12,2026-07-18 15:51:00,2026-07-18 15:54:00,73.0,3.0,completed
T0000524,R001,V235,outbound,2026-07-20,2026-07-20 17:32:00,2026-07-20 17:37:42,2026-07-20 18:41:00,2026-07-20 18:55:18,69.0,14.3,completed
T0000525,R001,V144,outbound,2026-07-20,2026-07-20 17:18:00,2026-07-20 17:23:00,2026-07-20 18:30:00,2026-07-20 18:42:30,72.0,12.5,completed
T0000526,R001,V022,outbound,2026-07-20,2026-07-20 08:00:00,2026-07-20 08:04:48,2026-07-20 08:58:00,2026-07-20 09:10:06,58.0,12.1,completed
T0000527,R001,V179,inbound,2026-07-21,2026-07-21 13:42:00,2026-07-21 13:43:24,2026-07-21 14:47:00,2026-07-21 14:50:30,65.0,3.5,completed
T0000528,R001,V056,inbound,2026-07-22,2026-07-22 14:45:00,2026-07-22 14:44:36,2026-07-22 15:44:00,2026-07-22 15:43:06,59.0,-0.9,completed
T0000529,R001,V171,outbound,2026-07-22,2026-07-22 09:32:00,2026-07-22 09:35:12,2026-07-22 10:44:00,2026-07-22 10:52:06,72.0,8.1,completed
T0000530,R001,V003,inbound,2026-07-23,2026-07-23 07:58:00,2026-07-23 08:00:36,2026-07-23 09:04:00,2026-07-23 09:10:30,66.0,6.5,completed
T0000531,R001,V160,outbound,2026-07-23,2026-07-23 20:51:00,2026-07-23 20:53:12,2026-07-23 21:49:00,2026-07-23 21:54:36,58.0,5.6,completed
T0000532,R001,V226,inbound,2026-07-24,2026-07-24 14:46:00,2026-07-24 14:47:36,2026-07-24 15:47:00,2026-07-24 15:51:06,61.0,4.1,completed
T0000533,R001,V112,outbound,2026-07-25,2026-07-25 13:40:00,2026-07-25 13:40:48,2026-07-25 14:38:00,2026-07-25 14:40:06,58.0,2.1,completed
T0000534,R001,V099,outbound,2026-07-26,2026-07-26 18:27:00,2026-07-26 18:28:36,2026-07-26 19:35:00,2026-07-26 19:39:06,68.0,4.1,completed
T0000535,R001,V093,outbound,2026-07-27,2026-07-27 09:08:00,2026-07-27 09:12:12,2026-07-27 10:11:00,2026-07-27 10:21:36,63.0,10.6,completed
T0000536,R001,V057,inbound,2026-07-27,2026-07-27 17:16:00,2026-07-27 17:20:00,2026-07-27 18:19:00,2026-07-27 18:28:54,63.0,9.9,completed
T0000537,R001,V038,outbound,2026-07-28,2026-07-28 12:21:00,2026-07-28 12:22:12,2026-07-28 13:30:00,2026-07-28 13:33:06,69.0,3.1,completed
T0000538,R001,V150,outbound,2026-07-28,2026-07-28 06:38:00,2026-07-28 06:39:00,2026-07-28 07:36:00,2026-07-28 07:38:30,58.0,2.5,completed
T0000539,R001,V077,outbound,2026-07-29,2026-07-29 05:24:00,2026-07-29 05:23:24,2026-07-29 06:29:00,2026-07-29 06:27:24,65.0,-1.6,completed
T0000540,R001,V042,inbound,2026-07-29,2026-07-29 17:11:00,2026-07-29 17:15:24,2026-07-29 18:20:00,2026-07-29 18:30:54,69.0,10.9,completed
T0000541,R001,V021,inbound,2026-07-30,2026-07-30 17:38:00,2026-07-30 17:41:12,2026-07-30 18:39:00,2026-07-30 18:47:00,61.0,8.0,completed
T0000542,R001,V055,outbound,2026-07-30,2026-07-30 19:06:00,2026-07-30 19:07:48,2026-07-30 20:06:00,2026-07-30 20:10:24,60.0,4.4,completed
T0000543,R001,V114,outbound,2026-07-30,2026-07-30 10:30:00,2026-07-30 10:32:06,2026-07-30 11:29:00,2026-07-30 11:34:18,59.0,5.3,completed
T0000544,R001,V111,outbound,2026-07-31,2026-07-31 11:44:00,2026-07-31 11:45:30,2026-07-31 12:53:00,2026-07-31 12:56:42,69.0,3.7,completed
T0000545,R001,V149,inbound,2026-07-31,2026-07-31 12:43:00,2026-07-31 12:43:48,2026-07-31 13:54:00,2026-07-31 13:56:00,71.0,2.0,completed
T0000546,R001,V179,inbound,2026-07-31,2026-07-31 17:13:00,2026-07-31 17:12:00,2026-07-31 18:21:00,2026-07-31 18:18:36,68.0,-2.4,completed
T0000547,R001,V197,outbound,2026-07-31,2026-07-31 12:27:00,2026-07-31 12:27:54,2026-07-31 13:33:00,2026-07-31 13:35:12,66.0,2.2,completed
T0000548,R001,V249,outbound,2026-08-01,2026-08-01 07:54:00,2026-08-01 07:54:36,2026-08-01 08:53:00,2026-08-01 08:54:24,59.0,1.4,completed
T0000549,R001,V071,outbound,2026-08-02,2026-08-02 15:37:00,2026-08-02 15:37:54,2026-08-02 16:47:00,2026-08-02 16:49:12,70.0,2.2,completed
T0000550,R001,V092,inbound,2026-08-02,2026-08-02 16:14:00,2026-08-02 16:14:30,2026-08-02 17:25:00,2026-08-02 17:26:12,71.0,1.2,completed
T0000551,R001,V106,inbound,2026-08-02,2026-08-02 15:36:00,2026-08-02 15:37:00,2026-08-02 16:45:00,2026-08-02 16:47:24,69.0,2.4,completed
T0000552,R001,V135,outbound,2026-08-03,2026-08-03 12:37:00,2026-08-03 12:39:42,2026-08-03 13:35:00,2026-08-03 13:41:42,58.0,6.7,completed
T0000553,R001,V179,outbound,2026-08-03,2026-08-03 09:05:00,2026-08-03 09:08:00,2026-08-03 10:18:00,2026-08-03 10:25:30,73.0,7.5,completed
T0000554,R001,V171,outbound,2026-08-03,2026-08-03 18:47:00,2026-08-03 18:50:24,2026-08-03 19:58:00,2026-08-03 20:06:30,71.0,8.5,completed
T0000555,R001,V005,outbound,2026-08-03,2026-08-03 08:46:00,2026-08-03 08:50:24,2026-08-03 09:50:00,2026-08-03 10:01:06,64.0,11.1,completed
T0000556,R001,V071,outbound,2026-08-07,2026-08-07 07:07:00,2026-08-07 07:11:06,2026-08-07 08:15:00,2026-08-07 08:25:18,68.0,10.3,completed
T0000557,R001,V192,outbound,2026-08-07,2026-08-07 19:28:00,2026-08-07 19:33:00,2026-08-07 20:40:00,2026-08-07 20:52:36,72.0,12.6,completed
T0000558,R001,V126,inbound,2026-08-07,2026-08-07 09:34:00,2026-08-07 09:38:12,2026-08-07 10:36:00,2026-08-07 10:46:30,62.0,10.5,completed
T0000559,R001,V160,outbound,2026-08-08,2026-08-08 05:56:00,2026-08-08 05:57:18,2026-08-08 07:07:00,2026-08-08 07:10:12,71.0,3.2,completed
T0000560,R001,V167,inbound,2026-08-09,2026-08-09 16:08:00,2026-08-09 16:09:06,2026-08-09 17:11:00,2026-08-09 17:13:48,63.0,2.8,completed
T0000561,R001,V203,inbound,2026-08-09,2026-08-09 05:26:00,2026-08-09 05:26:48,2026-08-09 06:39:00,2026-08-09 06:41:06,73.0,2.1,completed
T0000562,R001,V115,outbound,2026-08-10,2026-08-10 16:28:00,2026-08-10 16:30:30,2026-08-10 17:32:00,2026-08-10 17:38:18,64.0,6.3,completed
T0000563,R001,V044,outbound,2026-08-10,2026-08-10 12:05:00,2026-08-10 12:08:00,2026-08-10 13:15:00,2026-08-10 13:22:36,70.0,7.6,completed
T0000564,R001,V030,inbound,2026-08-12,2026-08-12 15:39:00,2026-08-12 15:40:12,2026-08-12 16:44:00,2026-08-12 16:46:54,65.0,2.9,completed
T0000565,R001,V147,outbound,2026-08-12,2026-08-12 07:44:00,2026-08-12 07:46:18,2026-08-12 08:56:00,2026-08-12 09:01:48,72.0,5.8,completed
T0000566,R001,V111,outbound,2026-08-12,2026-08-12 13:42:00,2026-08-12 13:43:00,2026-08-12 14:45:00,2026-08-12 14:47:36,63.0,2.6,completed
T0000567,R001,V117,inbound,2026-08-12,2026-08-12 07:20:00,2026-08-12 07:21:24,2026-08-12 08:20:00,2026-08-12 08:23:36,60.0,3.6,completed
T0000568,R001,V176,inbound,2026-08-13,2026-08-13 20:51:00,2026-08-13 20:52:42,2026-08-13 22:00:00,2026-08-13 22:04:12,69.0,4.2,completed
T0000569,R001,V211,outbound,2026-08-13,2026-08-13 16:32:00,2026-08-13 16:34:00,2026-08-13 17:31:00,2026-08-13 17:36:00,59.0,5.0,completed
T0000570,R001,V026,inbound,2026-08-13,2026-08-13 15:11:00,2026-08-13 15:11:42,2026-08-13 16:14:00,2026-08-13 16:15:42,63.0,1.7,completed
T0000571,R001,V056,inbound,2026-08-13,2026-08-13 06:19:00,2026-08-13 06:20:06,2026-08-13 07:26:00,2026-08-13 07:28:48,67.0,2.8,completed
T0000572,R001,V038,inbound,2026-08-13,2026-08-13 17:00:00,2026-08-13 17:03:30,2026-08-13 18:13:00,2026-08-13 18:21:48,73.0,8.8,completed
T0000573,R001,V144,inbound,2026-08-14,2026-08-14 14:53:00,2026-08-14 14:55:00,2026-08-14 15:53:00,2026-08-14 15:57:54,60.0,4.9,completed
T0000574,R001,V086,outbound,2026-08-15,2026-08-15 15:49:00,2026-08-15 15:49:42,2026-08-15 16:52:00,2026-08-15 16:53:48,63.0,1.8,completed
T0000575,R001,V173,inbound,2026-08-18,2026-08-18 07:12:00,2026-08-18 07:14:06,2026-08-18 08:22:00,2026-08-18 08:27:18,70.0,5.3,completed
T0000576,R001,V177,inbound,2026-08-18,2026-08-18 22:22:00,2026-08-18 22:23:12,2026-08-18 23:35:00,2026-08-18 23:38:06,73.0,3.1,completed
T0000577,R001,V088,inbound,2026-08-20,2026-08-20 16:43:00,2026-08-20 16:45:48,2026-08-20 17:46:00,2026-08-20 17:53:06,63.0,7.1,completed
T0000578,R001,V057,outbound,2026-08-20,2026-08-20 17:00:00,2026-08-20 17:04:42,2026-08-20 17:59:00,2026-08-20 18:10:48,59.0,11.8,completed
T0000579,R001,V190,outbound,2026-08-20,2026-08-20 16:45:00,2026-08-20 16:47:30,2026-08-20 17:50:00,2026-08-20 17:56:18,65.0,6.3,completed
T0000580,R001,V086,outbound,2026-08-22,2026-08-22 19:20:00,2026-08-22 19:20:36,2026-08-22 20:25:00,2026-08-22 20:26:24,65.0,1.4,completed
T0000581,R001,V160,outbound,2026-08-23,2026-08-23 16:32:00,2026-08-23 16:33:00,2026-08-23 17:42:00,2026-08-23 17:44:24,70.0,2.4,completed
T0000582,R001,V020,inbound,2026-08-23,2026-08-23 06:11:00,2026-08-23 06:12:30,2026-08-23 07:18:00,2026-08-23 07:21:48,67.0,3.8,completed
T0000583,R001,V142,inbound,2026-08-23,2026-08-23 17:27:00,2026-08-23 17:27:54,2026-08-23 18:35:00,2026-08-23 18:37:18,68.0,2.3,cancelled
T0000584,R001,V067,outbound,2026-08-23,2026-08-23 15:51:00,2026-08-23 15:51:30,2026-08-23 16:55:00,2026-08-23 16:56:18,64.0,1.3,completed
T0000585,R001,V244,inbound,2026-08-23,2026-08-23 06:21:00,2026-08-23 06:22:00,2026-08-23 07:25:00,2026-08-23 07:27:24,64.0,2.4,completed
T0000586,R001,V073,inbound,2026-08-24,2026-08-24 06:49:00,2026-08-24 06:51:24,2026-08-24 08:02:00,2026-08-24 08:08:06,73.0,6.1,completed
T0000587,R001,V197,inbound,2026-08-25,2026-08-25 09:54:00,2026-08-25 09:58:00,2026-08-25 10:55:00,2026-08-25 11:05:06,61.0,10.1,completed
T0000588,R001,V029,inbound,2026-08-25,2026-08-25 15:35:00,2026-08-25 15:37:00,2026-08-25 16:40:00,2026-08-25 16:44:54,65.0,4.9,completed
T0000589,R001,V061,outbound,2026-08-25,2026-08-25 08:51:00,2026-08-25 08:53:36,2026-08-25 09:50:00,2026-08-25 09:56:24,59.0,6.4,completed
T0000590,R001,V190,outbound,2026-08-26,2026-08-26 18:03:00,2026-08-26 18:07:24,2026-08-26 19:01:00,2026-08-26 19:11:54,58.0,10.9,completed
T0000591,R001,V053,outbound,2026-08-26,2026-08-26 08:54:00,2026-08-26 08:59:36,2026-08-26 09:59:00,2026-08-26 10:13:06,65.0,14.1,completed
T0000592,R001,V202,outbound,2026-08-27,2026-08-27 18:32:00,2026-08-27 18:39:12,2026-08-27 19:30:00,2026-08-27 19:47:54,58.0,17.9,completed
T0000593,R001,V098,outbound,2026-08-28,2026-08-28 05:42:00,2026-08-28 05:44:54,2026-08-28 06:51:00,2026-08-28 06:58:18,69.0,7.3,completed
T0000594,R001,V025,outbound,2026-08-28,2026-08-28 14:45:00,2026-08-28 14:46:12,2026-08-28 15:46:00,2026-08-28 15:48:54,61.0,2.9,completed
T0000595,R001,V050,outbound,2026-08-28,2026-08-28 07:47:00,2026-08-28 07:51:00,2026-08-28 08:45:00,2026-08-28 08:55:00,58.0,10.0,completed
T0000596,R001,V043,outbound,2026-08-28,2026-08-28 14:26:00,2026-08-28 14:27:06,2026-08-28 15:29:00,2026-08-28 15:31:48,63.0,2.8,completed
T0000597,R001,V060,outbound,2026-08-29,2026-08-29 21:17:00,2026-08-29 21:18:00,2026-08-29 22:23:00,2026-08-29 22:25:30,66.0,2.5,completed
T0000598,R001,V105,inbound,2026-08-31,2026-08-31 14:25:00,2026-08-31 14:26:54,2026-08-31 15:37:00,2026-08-31 15:41:42,72.0,4.7,completed
T0000599,R001,V097,inbound,2026-08-31,2026-08-31 20:44:00,2026-08-31 20:46:06,2026-08-31 21:46:00,2026-08-31 21:51:18,62.0,5.3,completed
T0000600,R001,V203,outbound,2026-09-01,2026-09-01 15:30:00,2026-09-01 15:31:24,2026-09-01 16:39:00,2026-09-01 16:42:30,69.0,3.5,completed
T0000601,R001,V181,inbound,2026-09-01,2026-09-01 13:15:00,2026-09-01 13:16:00,2026-09-01 14:23:00,2026-09-01 14:25:36,68.0,2.6,completed
T0000602,R001,V237,outbound,2026-09-02,2026-09-02 12:05:00,2026-09-02 12:05:48,2026-09-02 13:13:00,2026-09-02 13:15:06,68.0,2.1,completed
T0000603,R001,V236,outbound,2026-09-02,2026-09-02 11:15:00,2026-09-02 11:15:48,2026-09-02 12:17:00,2026-09-02 12:18:54,62.0,1.9,completed
T0000604,R001,V112,outbound,2026-09-04,2026-09-04 18:35:00,2026-09-04 18:43:18,2026-09-04 19:40:00,2026-09-04 20:00:42,65.0,20.7,completed
T0000605,R001,V064,inbound,2026-09-04,2026-09-04 06:38:00,2026-09-04 06:39:30,2026-09-04 07:49:00,2026-09-04 07:52:48,71.0,3.8,completed
T0000606,R001,V163,inbound,2026-09-06,2026-09-06 01:27:00,2026-09-06 01:27:36,2026-09-06 02:26:00,2026-09-06 02:27:30,59.0,1.5,completed
T0000607,R001,V031,outbound,2026-09-07,2026-09-07 16:23:00,2026-09-07 16:25:36,2026-09-07 17:29:00,2026-09-07 17:35:30,66.0,6.5,completed
T0000608,R001,V170,inbound,2026-09-07,2026-09-07 10:21:00,2026-09-07 10:23:06,2026-09-07 11:24:00,2026-09-07 11:29:12,63.0,5.2,completed
T0000609,R001,V051,inbound,2026-09-07,2026-09-07 08:48:00,2026-09-07 08:51:54,2026-09-07 09:48:00,2026-09-07 09:57:42,60.0,9.7,completed
T0000610,R001,V086,outbound,2026-09-07,2026-09-07 06:12:00,2026-09-07 06:14:42,2026-09-07 07:24:00,2026-09-07 07:30:42,72.0,6.7,completed
T0000611,R001,V027,outbound,2026-09-08,2026-09-08 09:39:00,2026-09-08 09:42:18,2026-09-08 10:41:00,2026-09-08 10:49:12,62.0,8.2,completed
T0000612,R001,V205,outbound,2026-09-09,2026-09-09 07:47:00,2026-09-09 07:49:48,2026-09-09 09:00:00,2026-09-09 09:07:06,73.0,7.1,completed
T0000613,R001,V191,outbound,2026-09-09,2026-09-09 16:41:00,2026-09-09 16:42:30,2026-09-09 17:50:00,2026-09-09 17:53:42,69.0,3.7,completed
T0000614,R001,V009,inbound,2026-09-09,2026-09-09 17:32:00,2026-09-09 17:38:36,2026-09-09 18:34:00,2026-09-09 18:50:36,62.0,16.6,completed
T0000615,R001,V117,outbound,2026-09-11,2026-09-11 06:13:00,2026-09-11 06:14:12,2026-09-11 07:19:00,2026-09-11 07:22:06,66.0,3.1,completed
T0000616,R001,V237,inbound,2026-09-11,2026-09-11 19:21:00,2026-09-11 19:22:36,2026-09-11 20:31:00,2026-09-11 20:35:06,70.0,4.1,completed
T0000617,R001,V081,inbound,2026-09-12,2026-09-12 15:07:00,2026-09-12 15:07:54,2026-09-12 16:06:00,2026-09-12 16:08:18,59.0,2.3,completed
T0000618,R001,V241,outbound,2026-09-13,2026-09-13 08:05:00,2026-09-13 08:05:36,2026-09-13 09:04:00,2026-09-13 09:05:30,59.0,1.5,completed
T0000619,R001,V069,inbound,2026-09-13,2026-09-13 04:26:00,2026-09-13 04:27:00,2026-09-13 05:32:00,2026-09-13 05:34:24,66.0,2.4,completed
T0000620,R001,V169,outbound,2026-09-14,2026-09-14 14:38:00,2026-09-14 14:39:06,2026-09-14 15:46:00,2026-09-14 15:48:42,68.0,2.7,cancelled
T0000621,R001,V243,outbound,2026-09-14,2026-09-14 10:13:00,2026-09-14 10:15:30,2026-09-14 11:25:00,2026-09-14 11:31:18,72.0,6.3,completed
T0000622,R001,V105,outbound,2026-09-14,2026-09-14 18:41:00,2026-09-14 18:46:12,2026-09-14 19:42:00,2026-09-14 19:55:00,61.0,13.0,completed
T0000623,R001,V106,outbound,2026-09-15,2026-09-15 10:55:00,2026-09-15 10:56:30,2026-09-15 11:57:00,2026-09-15 12:00:42,62.0,3.7,completed
T0000624,R001,V237,inbound,2026-09-15,2026-09-15 09:31:00,2026-09-15 09:30:30,2026-09-15 10:36:00,2026-09-15 10:34:48,65.0,-1.2,completed
T0000625,R001,V213,outbound,2026-09-15,2026-09-15 21:39:00,2026-09-15 21:40:42,2026-09-15 22:46:00,2026-09-15 22:50:12,67.0,4.2,completed
T0000626,R001,V220,inbound,2026-09-15,2026-09-15 07:44:00,2026-09-15 07:46:00,2026-09-15 08:48:00,2026-09-15 08:53:00,64.0,5.0,completed
T0000627,R001,V191,inbound,2026-09-16,2026-09-16 11:38:00,2026-09-16 11:39:06,2026-09-16 12:41:00,2026-09-16 12:43:42,63.0,2.7,completed
T0000628,R001,V229,outbound,2026-09-16,2026-09-16 07:04:00,2026-09-16 07:07:48,2026-09-16 08:04:00,2026-09-16 08:13:24,60.0,9.4,completed
T0000629,R001,V167,inbound,2026-09-16,2026-09-16 11:39:00,2026-09-16 11:40:36,2026-09-16 12:47:00,2026-09-16 12:51:06,68.0,4.1,completed
T0000630,R001,V145,inbound,2026-09-17,2026-09-17 18:44:00,2026-09-17 18:46:36,2026-09-17 19:53:00,2026-09-17 19:59:24,69.0,6.4,completed
T0000631,R001,V179,inbound,2026-09-18,2026-09-18 13:26:00,2026-09-18 13:27:24,2026-09-18 14:23:00,2026-09-18 14:26:36,57.0,3.6,completed
T0000632,R001,V240,outbound,2026-09-18,2026-09-18 16:01:00,2026-09-18 16:04:36,2026-09-18 17:08:00,2026-09-18 17:17:06,67.0,9.1,completed
T0000633,R001,V035,outbound,2026-09-19,2026-09-19 21:04:00,2026-09-19 21:04:48,2026-09-19 22:06:00,2026-09-19 22:08:00,62.0,2.0,completed
T0000634,R001,V146,outbound,2026-09-19,2026-09-19 08:21:00,2026-09-19 08:21:54,2026-09-19 09:29:00,2026-09-19 09:31:12,68.0,2.2,completed
T0000635,R001,V104,inbound,2026-09-20,2026-09-20 20:38:00,2026-09-20 20:38:36,2026-09-20 21:46:00,2026-09-20 21:47:36,68.0,1.6,completed
T0000636,R001,V205,inbound,2026-09-20,2026-09-20 20:13:00,2026-09-20 20:13:42,2026-09-20 21:15:00,2026-09-20 21:16:42,62.0,1.7,completed
T0000637,R001,V143,inbound,2026-09-20,2026-09-20 18:11:00,2026-09-20 18:11:30,2026-09-20 19:10:00,2026-09-20 19:11:18,59.0,1.3,completed
T0000638,R001,V177,inbound,2026-09-20,2026-09-20 16:25:00,2026-09-20 16:25:36,2026-09-20 17:38:00,2026-09-20 17:39:24,73.0,1.4,completed
T0000639,R001,V021,inbound,2026-09-21,2026-09-21 15:19:00,2026-09-21 15:20:24,2026-09-21 16:19:00,2026-09-21 16:22:36,60.0,3.6,completed
T0000640,R001,V194,inbound,2026-09-21,2026-09-21 07:15:00,2026-09-21 07:17:12,2026-09-21 08:25:00,2026-09-21 08:30:24,70.0,5.4,completed
T0000641,R001,V023,inbound,2026-09-21,2026-09-21 17:01:00,2026-09-21 17:04:00,2026-09-21 18:11:00,2026-09-21 18:18:36,70.0,7.6,completed
T0000642,R001,V153,outbound,2026-09-21,2026-09-21 12:42:00,2026-09-21 12:44:12,2026-09-21 13:51:00,2026-09-21 13:56:24,69.0,5.4,completed
T0000643,R001,V134,outbound,2026-09-21,2026-09-21 08:34:00,2026-09-21 08:38:48,2026-09-21 09:39:00,2026-09-21 09:50:54,65.0,11.9,completed
T0000644,R001,V209,outbound,2026-09-22,2026-09-22 04:03:00,2026-09-22 04:03:48,2026-09-22 05:01:00,2026-09-22 05:02:54,58.0,1.9,completed
T0000645,R001,V024,inbound,2026-09-22,2026-09-22 06:17:00,2026-09-22 06:18:30,2026-09-22 07:15:00,2026-09-22 07:18:42,58.0,3.7,completed
T0000646,R001,V165,inbound,2026-09-22,2026-09-22 20:33:00,2026-09-22 20:34:42,2026-09-22 21:31:00,2026-09-22 21:35:12,58.0,4.2,completed
T0000647,R001,V015,inbound,2026-09-22,2026-09-22 04:43:00,2026-09-22 04:43:42,2026-09-22 05:42:00,2026-09-22 05:43:42,59.0,1.7,completed
T0000648,R001,V061,inbound,2026-09-23,2026-09-23 17:19:00,2026-09-23 17:24:30,2026-09-23 18:32:00,2026-09-23 18:45:42,73.0,13.7,completed
T0000649,R001,V008,inbound,2026-09-23,2026-09-23 17:57:00,2026-09-23 18:00:12,2026-09-23 19:02:00,2026-09-23 19:10:06,65.0,8.1,completed
T0000650,R001,V224,inbound,2026-09-23,2026-09-23 16:08:00,2026-09-23 16:11:24,2026-09-23 17:20:00,2026-09-23 17:28:36,72.0,8.6,completed
T0000651,R001,V129,outbound,2026-09-23,2026-09-23 20:41:00,2026-09-23 20:42:54,2026-09-23 21:43:00,2026-09-23 21:47:42,62.0,4.7,completed
T0000652,R001,V227,outbound,2026-09-23,2026-09-23 19:24:00,2026-09-23 19:27:00,2026-09-23 20:26:00,2026-09-23 20:33:36,62.0,7.6,completed
T0000653,R001,V033,outbound,2026-09-25,2026-09-25 17:22:00,2026-09-25 17:27:12,2026-09-25 18:31:00,2026-09-25 18:44:06,69.0,13.1,completed
T0000654,R001,V148,outbound,2026-09-25,2026-09-25 16:12:00,2026-09-25 16:14:18,2026-09-25 17:15:00,2026-09-25 17:20:48,63.0,5.8,completed
T0000655,R001,V139,outbound,2026-09-26,2026-09-26 01:22:00,2026-09-26 01:23:18,2026-09-26 02:29:00,2026-09-26 02:32:12,67.0,3.2,completed
T0000656,R001,V050,outbound,2026-09-26,2026-09-26 01:27:00,2026-09-26 01:27:36,2026-09-26 02:30:00,2026-09-26 02:31:36,63.0,1.6,completed
T0000657,R001,V016,inbound,2026-09-26,2026-09-26 17:59:00,2026-09-26 18:00:00,2026-09-26 18:59:00,2026-09-26 19:01:36,60.0,2.6,completed
T0000658,R001,V063,inbound,2026-09-27,2026-09-27 08:19:00,2026-09-27 08:20:06,2026-09-27 09:21:00,2026-09-27 09:23:48,62.0,2.8,completed
T0000659,R001,V004,outbound,2026-09-27,2026-09-27 13:29:00,2026-09-27 13:31:06,2026-09-27 14:39:00,2026-09-27 14:44:12,70.0,5.2,completed
T0000660,R001,V062,inbound,2026-09-28,2026-09-28 05:20:00,2026-09-28 05:21:24,2026-09-28 06:32:00,2026-09-28 06:35:24,72.0,3.4,completed
T0000661,R002,V167,inbound,2025-10-01,2025-10-01 04:56:00,2025-10-01 04:56:42,2025-10-01 05:56:00,2025-10-01 05:57:42,60.0,1.7,completed
T0000662,R002,V244,outbound,2025-10-01,2025-10-01 19:54:00,2025-10-01 19:56:36,2025-10-01 20:56:00,2025-10-01 21:02:36,62.0,6.6,completed
T0000663,R002,V162,inbound,2025-10-01,2025-10-01 19:52:00,2025-10-01 19:53:24,2025-10-01 20:51:00,2025-10-01 20:54:30,59.0,3.5,completed
T0000664,R002,V204,inbound,2025-10-01,2025-10-01 08:30:00,2025-10-01 08:31:36,2025-10-01 09:21:00,2025-10-01 09:25:06,51.0,4.1,completed
T0000665,R002,V144,inbound,2025-10-01,2025-10-01 18:51:00,2025-10-01 18:52:30,2025-10-01 19:52:00,2025-10-01 19:55:48,61.0,3.8,completed
T0000666,R002,V177,outbound,2025-10-01,2025-10-01 16:12:00,2025-10-01 16:12:24,2025-10-01 17:08:00,2025-10-01 17:09:00,56.0,1.0,completed
T0000667,R002,V245,inbound,2025-10-01,2025-10-01 20:44:00,2025-10-01 20:44:30,2025-10-01 21:35:00,2025-10-01 21:36:12,51.0,1.2,completed
T0000668,R002,V129,inbound,2025-10-01,2025-10-01 07:41:00,2025-10-01 07:41:54,2025-10-01 08:31:00,2025-10-01 08:33:12,50.0,2.2,completed
T0000669,R002,V248,outbound,2025-10-01,2025-10-01 17:20:00,2025-10-01 17:21:00,2025-10-01 18:21:00,2025-10-01 18:23:36,61.0,2.6,completed
T0000670,R002,V146,outbound,2025-10-01,2025-10-01 16:24:00,2025-10-01 16:24:42,2025-10-01 17:26:00,2025-10-01 17:27:48,62.0,1.8,completed
T0000671,R002,V169,outbound,2025-10-01,2025-10-01 06:37:00,2025-10-01 06:38:00,2025-10-01 07:35:00,2025-10-01 07:37:30,58.0,2.5,completed
T0000672,R002,V097,outbound,2025-10-01,2025-10-01 07:32:00,2025-10-01 07:32:36,2025-10-01 08:24:00,2025-10-01 08:25:24,52.0,1.4,completed
T0000673,R002,V054,inbound,2025-10-01,2025-10-01 17:09:00,2025-10-01 17:10:30,2025-10-01 18:06:00,2025-10-01 18:09:48,57.0,3.8,completed
T0000674,R002,V137,inbound,2025-10-02,2025-10-02 11:57:00,2025-10-02 11:57:30,2025-10-02 12:47:00,2025-10-02 12:48:12,50.0,1.2,completed
T0000675,R002,V250,inbound,2025-10-02,2025-10-02 22:30:00,2025-10-02 22:30:24,2025-10-02 23:24:00,2025-10-02 23:24:54,54.0,0.9,completed
T0000676,R002,V010,inbound,2025-10-02,2025-10-02 17:34:00,2025-10-02 17:35:00,2025-10-02 18:28:00,2025-10-02 18:30:24,54.0,2.4,completed
T0000677,R002,V096,outbound,2025-10-02,2025-10-02 07:09:00,2025-10-02 07:10:18,2025-10-02 08:08:00,2025-10-02 08:11:12,59.0,3.2,completed
T0000678,R002,V054,outbound,2025-10-02,2025-10-02 17:56:00,2025-10-02 17:54:54,2025-10-02 18:55:00,2025-10-02 18:52:12,59.0,-2.8,completed
T0000679,R002,V020,outbound,2025-10-02,2025-10-02 07:32:00,2025-10-02 07:33:36,2025-10-02 08:24:00,2025-10-02 08:28:00,52.0,4.0,completed
T0000680,R002,V145,inbound,2025-10-02,2025-10-02 18:52:00,2025-10-02 18:53:12,2025-10-02 19:43:00,2025-10-02 19:46:06,51.0,3.1,completed
T0000681,R002,V066,inbound,2025-10-02,2025-10-02 20:58:00,2025-10-02 20:58:24,2025-10-02 22:01:00,2025-10-02 22:02:06,63.0,1.1,completed
T0000682,R002,V193,inbound,2025-10-02,2025-10-02 09:55:00,2025-10-02 09:56:48,2025-10-02 10:54:00,2025-10-02 10:58:24,59.0,4.4,completed
T0000683,R002,V094,inbound,2025-10-02,2025-10-02 16:21:00,2025-10-02 16:21:54,2025-10-02 17:18:00,2025-10-02 17:20:18,57.0,2.3,completed
T0000684,R002,V177,inbound,2025-10-02,2025-10-02 21:53:00,2025-10-02 21:53:24,2025-10-02 22:46:00,2025-10-02 22:46:54,53.0,0.9,completed
T0000685,R002,V212,inbound,2025-10-02,2025-10-02 18:35:00,2025-10-02 18:36:24,2025-10-02 19:33:00,2025-10-02 19:36:24,58.0,3.4,completed
T0000686,R002,V127,inbound,2025-10-02,2025-10-02 19:05:00,2025-10-02 19:06:00,2025-10-02 20:00:00,2025-10-02 20:02:36,55.0,2.6,completed
T0000687,R002,V205,inbound,2025-10-02,2025-10-02 18:58:00,2025-10-02 19:00:48,2025-10-02 19:51:00,2025-10-02 19:57:54,53.0,6.9,completed
T0000688,R002,V026,inbound,2025-10-02,2025-10-02 05:09:00,2025-10-02 05:09:36,2025-10-02 06:07:00,2025-10-02 06:08:30,58.0,1.5,completed
T0000689,R002,V247,inbound,2025-10-02,2025-10-02 06:20:00,2025-10-02 06:20:42,2025-10-02 07:18:00,2025-10-02 07:19:42,58.0,1.7,completed
T0000690,R002,V072,outbound,2025-10-02,2025-10-02 15:48:00,2025-10-02 15:48:30,2025-10-02 16:47:00,2025-10-02 16:48:18,59.0,1.3,completed
T0000691,R002,V032,outbound,2025-10-02,2025-10-02 16:35:00,2025-10-02 16:35:54,2025-10-02 17:30:00,2025-10-02 17:32:18,55.0,2.3,completed
T0000692,R002,V221,outbound,2025-10-02,2025-10-02 17:28:00,2025-10-02 17:27:24,2025-10-02 18:29:00,2025-10-02 18:27:24,61.0,-1.6,completed
T0000693,R002,V119,inbound,2025-10-02,2025-10-02 13:31:00,2025-10-02 13:31:42,2025-10-02 14:29:00,2025-10-02 14:30:48,58.0,1.8,completed
T0000694,R002,V079,inbound,2025-10-02,2025-10-02 06:51:00,2025-10-02 06:51:18,2025-10-02 07:54:00,2025-10-02 07:54:48,63.0,0.8,completed
T0000695,R002,V032,inbound,2025-10-03,2025-10-03 21:00:00,2025-10-03 21:00:36,2025-10-03 21:55:00,2025-10-03 21:56:36,55.0,1.6,completed
T0000696,R002,V212,outbound,2025-10-03,2025-10-03 11:30:00,2025-10-03 11:30:36,2025-10-03 12:21:00,2025-10-03 12:22:30,51.0,1.5,completed
T0000697,R002,V209,outbound,2025-10-03,2025-10-03 17:28:00,2025-10-03 17:30:00,2025-10-03 18:19:00,2025-10-03 18:23:54,51.0,4.9,completed
T0000698,R002,V082,inbound,2025-10-03,2025-10-03 14:57:00,2025-10-03 14:57:42,2025-10-03 15:59:00,2025-10-03 16:00:48,62.0,1.8,completed
T0000699,R002,V049,outbound,2025-10-03,2025-10-03 13:32:00,2025-10-03 13:31:18,2025-10-03 14:32:00,2025-10-03 14:30:12,60.0,-1.8,completed
T0000700,R002,V163,inbound,2025-10-03,2025-10-03 05:50:00,2025-10-03 05:50:48,2025-10-03 06:45:00,2025-10-03 06:47:06,55.0,2.1,completed
T0000701,R002,V077,outbound,2025-10-03,2025-10-03 19:38:00,2025-10-03 19:39:30,2025-10-03 20:32:00,2025-10-03 20:35:42,54.0,3.7,completed
T0000702,R002,V185,outbound,2025-10-03,2025-10-03 06:53:00,2025-10-03 06:53:36,2025-10-03 07:51:00,2025-10-03 07:52:36,58.0,1.6,completed
T0000703,R002,V100,inbound,2025-10-03,2025-10-03 16:58:00,2025-10-03 16:59:18,2025-10-03 17:50:00,2025-10-03 17:53:12,52.0,3.2,completed
T0000704,R002,V030,inbound,2025-10-03,2025-10-03 13:21:00,2025-10-03 13:21:42,2025-10-03 14:19:00,2025-10-03 14:20:42,58.0,1.7,completed
T0000705,R002,V015,outbound,2025-10-03,2025-10-03 17:23:00,2025-10-03 17:25:36,2025-10-03 18:22:00,2025-10-03 18:28:36,59.0,6.6,completed
T0000706,R002,V070,inbound,2025-10-03,2025-10-03 17:20:00,2025-10-03 17:22:06,2025-10-03 18:16:00,2025-10-03 18:21:12,56.0,5.2,completed
T0000707,R002,V106,outbound,2025-10-03,2025-10-03 08:40:00,2025-10-03 08:41:36,2025-10-03 09:30:00,2025-10-03 09:34:00,50.0,4.0,completed
T0000708,R002,V139,outbound,2025-10-03,2025-10-03 10:02:00,2025-10-03 10:01:12,2025-10-03 10:54:00,2025-10-03 10:52:00,52.0,-2.0,completed
T0000709,R002,V232,inbound,2025-10-03,2025-10-03 14:55:00,2025-10-03 14:55:30,2025-10-03 15:53:00,2025-10-03 15:54:18,58.0,1.3,completed
T0000710,R002,V092,inbound,2025-10-03,2025-10-03 15:36:00,2025-10-03 15:36:24,2025-10-03 16:28:00,2025-10-03 16:29:06,52.0,1.1,completed
T0000711,R002,V158,outbound,2025-10-04,2025-10-04 14:21:00,2025-10-04 14:21:18,2025-10-04 15:20:00,2025-10-04 15:20:48,59.0,0.8,completed
T0000712,R002,V176,inbound,2025-10-04,2025-10-04 21:28:00,2025-10-04 21:28:18,2025-10-04 22:19:00,2025-10-04 22:19:48,51.0,0.8,completed
T0000713,R002,V145,inbound,2025-10-04,2025-10-04 20:31:00,2025-10-04 20:31:12,2025-10-04 21:34:00,2025-10-04 21:34:36,63.0,0.6,completed
T0000714,R002,V250,outbound,2025-10-04,2025-10-04 10:28:00,2025-10-04 10:28:18,2025-10-04 11:23:00,2025-10-04 11:23:42,55.0,0.7,completed
T0000715,R002,V203,inbound,2025-10-04,2025-10-04 18:52:00,2025-10-04 18:52:24,2025-10-04 19:42:00,2025-10-04 19:43:06,50.0,1.1,completed
T0000716,R002,V214,inbound,2025-10-04,2025-10-04 15:51:00,2025-10-04 15:51:12,2025-10-04 16:53:00,2025-10-04 16:53:30,62.0,0.5,completed
T0000717,R002,V177,inbound,2025-10-04,2025-10-04 12:57:00,2025-10-04 12:57:18,2025-10-04 13:59:00,2025-10-04 13:59:42,62.0,0.7,completed
T0000718,R002,V094,outbound,2025-10-04,2025-10-04 22:37:00,2025-10-04 22:37:30,2025-10-04 23:36:00,2025-10-04 23:37:18,59.0,1.3,completed
T0000719,R002,V084,outbound,2025-10-04,2025-10-04 13:52:00,2025-10-04 13:52:24,2025-10-04 14:54:00,2025-10-04 14:55:00,62.0,1.0,completed
T0000720,R002,V110,outbound,2025-10-04,2025-10-04 20:02:00,2025-10-04 20:02:12,2025-10-04 21:02:00,2025-10-04 21:02:36,60.0,0.6,completed
T0000721,R002,V202,outbound,2025-10-04,2025-10-04 09:58:00,2025-10-04 09:58:12,2025-10-04 10:55:00,2025-10-04 10:55:30,57.0,0.5,completed
T0000722,R002,V210,inbound,2025-10-04,2025-10-04 05:34:00,2025-10-04 05:34:12,2025-10-04 06:29:00,2025-10-04 06:29:36,55.0,0.6,completed
T0000723,R002,V123,inbound,2025-10-04,2025-10-04 11:28:00,2025-10-04 11:28:30,2025-10-04 12:23:00,2025-10-04 12:24:12,55.0,1.2,completed
T0000724,R002,V082,inbound,2025-10-05,2025-10-05 05:53:00,2025-10-05 05:53:24,2025-10-05 06:48:00,2025-10-05 06:48:54,55.0,0.9,completed
T0000725,R002,V169,inbound,2025-10-05,2025-10-05 10:02:00,2025-10-05 10:02:18,2025-10-05 10:55:00,2025-10-05 10:55:42,53.0,0.7,completed
T0000726,R002,V249,inbound,2025-10-05,2025-10-05 21:04:00,2025-10-05 21:04:18,2025-10-05 21:55:00,2025-10-05 21:55:42,51.0,0.7,completed
T0000727,R002,V227,outbound,2025-10-05,2025-10-05 15:54:00,2025-10-05 15:54:12,2025-10-05 16:50:00,2025-10-05 16:50:36,56.0,0.6,completed
T0000728,R002,V106,outbound,2025-10-05,2025-10-05 10:34:00,2025-10-05 10:34:12,2025-10-05 11:34:00,2025-10-05 11:34:36,60.0,0.6,completed
T0000729,R002,V035,outbound,2025-10-05,2025-10-05 13:08:00,2025-10-05 13:08:12,2025-10-05 14:09:00,2025-10-05 14:09:36,61.0,0.6,completed
T0000730,R002,V124,inbound,2025-10-05,2025-10-05 19:47:00,2025-10-05 19:47:18,2025-10-05 20:44:00,2025-10-05 20:44:42,57.0,0.7,completed
T0000731,R002,V159,inbound,2025-10-05,2025-10-05 13:44:00,2025-10-05 13:44:18,2025-10-05 14:36:00,2025-10-05 14:36:42,52.0,0.7,completed
T0000732,R002,V041,outbound,2025-10-05,2025-10-05 18:33:00,2025-10-05 18:33:18,2025-10-05 19:32:00,2025-10-05 19:32:42,59.0,0.7,completed
T0000733,R002,V031,outbound,2025-10-05,2025-10-05 06:45:00,2025-10-05 06:45:18,2025-10-05 07:38:00,2025-10-05 07:38:48,53.0,0.8,completed
T0000734,R002,V111,inbound,2025-10-05,2025-10-05 13:41:00,2025-10-05 13:41:30,2025-10-05 14:39:00,2025-10-05 14:40:12,58.0,1.2,completed
T0000735,R002,V240,outbound,2025-10-05,2025-10-05 06:41:00,2025-10-05 06:40:30,2025-10-05 07:39:00,2025-10-05 07:37:48,58.0,-1.2,completed
T0000736,R002,V248,inbound,2025-10-05,2025-10-05 15:27:00,2025-10-05 15:27:12,2025-10-05 16:19:00,2025-10-05 16:19:24,52.0,0.4,completed
T0000737,R002,V125,inbound,2025-10-05,2025-10-05 15:20:00,2025-10-05 15:20:18,2025-10-05 16:12:00,2025-10-05 16:12:48,52.0,0.8,completed
T0000738,R002,V093,inbound,2025-10-05,2025-10-05 11:10:00,2025-10-05 11:10:12,2025-10-05 12:10:00,2025-10-05 12:10:30,60.0,0.5,completed
T0000739,R002,V038,outbound,2025-10-05,2025-10-05 16:14:00,2025-10-05 16:13:36,2025-10-05 17:12:00,2025-10-05 17:11:06,58.0,-0.9,completed
T0000740,R002,V053,inbound,2025-10-06,2025-10-06 15:32:00,2025-10-06 15:32:36,2025-10-06 16:32:00,2025-10-06 16:33:36,60.0,1.6,completed
T0000741,R002,V188,outbound,2025-10-06,2025-10-06 08:28:00,2025-10-06 08:29:24,2025-10-06 09:19:00,2025-10-06 09:22:30,51.0,3.5,completed
T0000742,R002,V158,inbound,2025-10-06,2025-10-06 07:54:00,2025-10-06 07:54:42,2025-10-06 08:57:00,2025-10-06 08:58:48,63.0,1.8,completed
T0000743,R002,V120,outbound,2025-10-06,2025-10-06 09:02:00,2025-10-06 09:03:00,2025-10-06 09:53:00,2025-10-06 09:55:30,51.0,2.5,completed
T0000744,R002,V045,outbound,2025-10-06,2025-10-06 07:15:00,2025-10-06 07:16:06,2025-10-06 08:18:00,2025-10-06 08:20:42,63.0,2.7,completed
T0000745,R002,V034,outbound,2025-10-06,2025-10-06 09:36:00,2025-10-06 09:37:12,2025-10-06 10:27:00,2025-10-06 10:30:06,51.0,3.1,completed
T0000746,R002,V168,inbound,2025-10-06,2025-10-06 15:46:00,2025-10-06 15:46:30,2025-10-06 16:45:00,2025-10-06 16:46:18,59.0,1.3,completed
T0000747,R002,V233,inbound,2025-10-06,2025-10-06 17:43:00,2025-10-06 17:42:12,2025-10-06 18:36:00,2025-10-06 18:33:54,53.0,-2.1,completed
T0000748,R002,V010,outbound,2025-10-06,2025-10-06 07:23:00,2025-10-06 07:24:00,2025-10-06 08:22:00,2025-10-06 08:24:24,59.0,2.4,completed
T0000749,R002,V126,outbound,2025-10-06,2025-10-06 23:49:00,2025-10-06 23:49:30,2025-10-07 00:50:00,2025-10-07 00:51:18,61.0,1.3,completed
T0000750,R002,V095,inbound,2025-10-06,2025-10-06 14:18:00,2025-10-06 14:18:18,2025-10-06 15:12:00,2025-10-06 15:12:48,54.0,0.8,completed
T0000751,R002,V118,inbound,2025-10-06,2025-10-06 08:46:00,2025-10-06 08:51:06,2025-10-06 09:48:00,2025-10-06 10:00:42,62.0,12.7,completed
T0000752,R002,V089,outbound,2025-10-06,2025-10-06 06:10:00,2025-10-06 06:10:30,2025-10-06 07:01:00,2025-10-06 07:02:12,51.0,1.2,cancelled
T0000753,R002,V247,inbound,2025-10-06,2025-10-06 13:11:00,2025-10-06 13:11:24,2025-10-06 14:01:00,2025-10-06 14:02:06,50.0,1.1,completed
T0000754,R002,V033,inbound,2025-10-06,2025-10-06 08:21:00,2025-10-06 08:22:36,2025-10-06 09:19:00,2025-10-06 09:22:54,58.0,3.9,completed
T0000755,R002,V017,inbound,2025-10-06,2025-10-06 20:02:00,2025-10-06 20:03:06,2025-10-06 21:01:00,2025-10-06 21:03:48,59.0,2.8,completed
T0000756,R002,V098,outbound,2025-10-06,2025-10-06 18:16:00,2025-10-06 18:17:54,2025-10-06 19:10:00,2025-10-06 19:14:42,54.0,4.7,completed
T0000757,R002,V186,outbound,2025-10-06,2025-10-06 07:08:00,2025-10-06 07:09:00,2025-10-06 08:01:00,2025-10-06 08:03:36,53.0,2.6,completed
T0000758,R002,V200,outbound,2025-10-07,2025-10-07 08:42:00,2025-10-07 08:43:12,2025-10-07 09:41:00,2025-10-07 09:43:54,59.0,2.9,cancelled
T0000759,R002,V187,outbound,2025-10-07,2025-10-07 19:23:00,2025-10-07 19:23:54,2025-10-07 20:15:00,2025-10-07 20:17:12,52.0,2.2,completed
T0000760,R002,V239,inbound,2025-10-07,2025-10-07 18:51:00,2025-10-07 18:51:48,2025-10-07 19:43:00,2025-10-07 19:44:54,52.0,1.9,completed
T0000761,R002,V186,outbound,2025-10-07,2025-10-07 07:00:00,2025-10-07 07:01:06,2025-10-07 07:56:00,2025-10-07 07:58:42,56.0,2.7,completed
T0000762,R002,V198,outbound,2025-10-07,2025-10-07 19:21:00,2025-10-07 19:22:12,2025-10-07 20:23:00,2025-10-07 20:26:00,62.0,3.0,completed
T0000763,R002,V133,outbound,2025-10-07,2025-10-07 07:08:00,2025-10-07 07:08:48,2025-10-07 08:05:00,2025-10-07 08:07:06,57.0,2.1,completed
T0000764,R002,V087,inbound,2025-10-07,2025-10-07 16:49:00,2025-10-07 16:49:48,2025-10-07 17:50:00,2025-10-07 17:51:54,61.0,1.9,completed
T0000765,R002,V131,outbound,2025-10-07,2025-10-07 09:12:00,2025-10-07 09:10:48,2025-10-07 10:02:00,2025-10-07 09:59:06,50.0,-2.9,completed
T0000766,R002,V238,outbound,2025-10-07,2025-10-07 08:21:00,2025-10-07 08:22:30,2025-10-07 09:23:00,2025-10-07 09:26:48,62.0,3.8,completed
T0000767,R002,V068,outbound,2025-10-07,2025-10-07 08:39:00,2025-10-07 08:40:30,2025-10-07 09:32:00,2025-10-07 09:35:48,53.0,3.8,completed
T0000768,R002,V041,outbound,2025-10-08,2025-10-08 12:34:00,2025-10-08 12:34:30,2025-10-08 13:28:00,2025-10-08 13:29:12,54.0,1.2,completed
T0000769,R002,V065,inbound,2025-10-08,2025-10-08 07:50:00,2025-10-08 07:50:54,2025-10-08 08:46:00,2025-10-08 08:48:12,56.0,2.2,completed
T0000770,R002,V148,outbound,2025-10-08,2025-10-08 13:33:00,2025-10-08 13:33:24,2025-10-08 14:35:00,2025-10-08 14:36:00,62.0,1.0,completed
T0000771,R002,V038,outbound,2025-10-08,2025-10-08 11:53:00,2025-10-08 11:53:24,2025-10-08 12:45:00,2025-10-08 12:46:00,52.0,1.0,completed
T0000772,R002,V161,inbound,2025-10-08,2025-10-08 06:37:00,2025-10-08 06:37:30,2025-10-08 07:32:00,2025-10-08 07:33:18,55.0,1.3,completed
T0000773,R002,V225,inbound,2025-10-08,2025-10-08 19:38:00,2025-10-08 19:39:00,2025-10-08 20:32:00,2025-10-08 20:34:36,54.0,2.6,completed
T0000774,R002,V058,outbound,2025-10-08,2025-10-08 06:41:00,2025-10-08 06:41:18,2025-10-08 07:43:00,2025-10-08 07:43:48,62.0,0.8,completed
T0000775,R002,V205,inbound,2025-10-08,2025-10-08 17:22:00,2025-10-08 17:21:42,2025-10-08 18:13:00,2025-10-08 18:12:12,51.0,-0.8,completed
T0000776,R002,V145,inbound,2025-10-08,2025-10-08 11:55:00,2025-10-08 11:55:30,2025-10-08 12:57:00,2025-10-08 12:58:12,62.0,1.2,completed
T0000777,R002,V221,outbound,2025-10-08,2025-10-08 11:18:00,2025-10-08 11:18:36,2025-10-08 12:13:00,2025-10-08 12:14:24,55.0,1.4,completed
T0000778,R002,V051,inbound,2025-10-08,2025-10-08 11:20:00,2025-10-08 11:19:00,2025-10-08 12:21:00,2025-10-08 12:18:24,61.0,-2.6,completed
T0000779,R002,V010,inbound,2025-10-08,2025-10-08 18:21:00,2025-10-08 18:23:00,2025-10-08 19:16:00,2025-10-08 19:21:00,55.0,5.0,completed
T0000780,R002,V027,inbound,2025-10-08,2025-10-08 16:50:00,2025-10-08 16:50:36,2025-10-08 17:48:00,2025-10-08 17:49:24,58.0,1.4,completed
T0000781,R002,V096,outbound,2025-10-08,2025-10-08 19:55:00,2025-10-08 19:56:12,2025-10-08 20:57:00,2025-10-08 21:00:00,62.0,3.0,completed
T0000782,R002,V219,outbound,2025-10-08,2025-10-08 10:21:00,2025-10-08 10:21:36,2025-10-08 11:13:00,2025-10-08 11:14:30,52.0,1.5,completed
T0000783,R002,V050,inbound,2025-10-09,2025-10-09 14:39:00,2025-10-09 14:39:36,2025-10-09 15:29:00,2025-10-09 15:30:30,50.0,1.5,completed
T0000784,R002,V037,inbound,2025-10-09,2025-10-09 17:36:00,2025-10-09 17:37:00,2025-10-09 18:34:00,2025-10-09 18:36:24,58.0,2.4,completed
T0000785,R002,V204,outbound,2025-10-09,2025-10-09 17:32:00,2025-10-09 17:33:12,2025-10-09 18:27:00,2025-10-09 18:29:54,55.0,2.9,completed
T0000786,R002,V219,inbound,2025-10-09,2025-10-09 14:56:00,2025-10-09 14:56:30,2025-10-09 15:49:00,2025-10-09 15:50:18,53.0,1.3,completed
T0000787,R002,V246,outbound,2025-10-09,2025-10-09 16:00:00,2025-10-09 16:00:30,2025-10-09 16:58:00,2025-10-09 16:59:12,58.0,1.2,completed
T0000788,R002,V139,outbound,2025-10-09,2025-10-09 12:59:00,2025-10-09 12:59:18,2025-10-09 13:52:00,2025-10-09 13:52:42,53.0,0.7,completed
T0000789,R002,V129,outbound,2025-10-09,2025-10-09 02:18:00,2025-10-09 02:18:24,2025-10-09 03:19:00,2025-10-09 03:19:54,61.0,0.9,completed
T0000790,R002,V143,outbound,2025-10-09,2025-10-09 07:05:00,2025-10-09 07:06:36,2025-10-09 08:07:00,2025-10-09 08:11:00,62.0,4.0,completed
T0000791,R002,V149,inbound,2025-10-09,2025-10-09 08:39:00,2025-10-09 08:40:48,2025-10-09 09:42:00,2025-10-09 09:46:36,63.0,4.6,completed
T0000792,R002,V136,outbound,2025-10-09,2025-10-09 06:39:00,2025-10-09 06:39:24,2025-10-09 07:34:00,2025-10-09 07:35:00,55.0,1.0,completed
T0000793,R002,V030,inbound,2025-10-09,2025-10-09 08:06:00,2025-10-09 08:07:18,2025-10-09 09:00:00,2025-10-09 09:03:12,54.0,3.2,completed
T0000794,R002,V112,outbound,2025-10-09,2025-10-09 23:45:00,2025-10-09 23:44:36,2025-10-10 00:36:00,2025-10-10 00:35:06,51.0,-0.9,completed
T0000795,R002,V136,outbound,2025-10-09,2025-10-09 14:19:00,2025-10-09 14:19:18,2025-10-09 15:20:00,2025-10-09 15:20:42,61.0,0.7,completed
T0000796,R002,V134,inbound,2025-10-09,2025-10-09 09:08:00,2025-10-09 09:09:24,2025-10-09 10:10:00,2025-10-09 10:13:24,62.0,3.4,completed
T0000797,R002,V236,inbound,2025-10-09,2025-10-09 18:33:00,2025-10-09 18:34:36,2025-10-09 19:30:00,2025-10-09 19:34:06,57.0,4.1,completed
T0000798,R002,V212,inbound,2025-10-09,2025-10-09 14:33:00,2025-10-09 14:33:24,2025-10-09 15:33:00,,60.0,0.9,completed
T0000799,R002,V067,outbound,2025-10-09,2025-10-09 09:10:00,2025-10-09 09:11:24,2025-10-09 10:04:00,2025-10-09 10:07:24,54.0,3.4,completed
T0000800,R002,V099,inbound,2025-10-09,2025-10-09 10:34:00,2025-10-09 10:34:36,2025-10-09 11:33:00,2025-10-09 11:34:30,59.0,1.5,completed
T0000801,R002,V113,inbound,2025-10-09,2025-10-09 17:00:00,2025-10-09 17:01:12,2025-10-09 17:56:00,2025-10-09 17:59:06,56.0,3.1,completed
T0000802,R002,V144,inbound,2025-10-10,2025-10-10 16:23:00,2025-10-10 16:24:00,2025-10-10 17:25:00,2025-10-10 17:27:30,62.0,2.5,completed
T0000803,R002,V158,outbound,2025-10-10,2025-10-10 15:24:00,2025-10-10 15:24:36,2025-10-10 16:25:00,2025-10-10 16:26:36,61.0,1.6,completed
T0000804,R002,V106,outbound,2025-10-10,2025-10-10 18:29:00,2025-10-10 18:30:42,2025-10-10 19:31:00,2025-10-10 19:35:12,62.0,4.2,completed
T0000805,R002,V087,outbound,2025-10-10,2025-10-10 08:25:00,2025-10-10 08:27:12,2025-10-10 09:15:00,2025-10-10 09:20:36,50.0,5.6,completed
T0000806,R002,V121,outbound,2025-10-10,2025-10-10 08:34:00,2025-10-10 08:36:24,2025-10-10 09:25:00,2025-10-10 09:31:06,51.0,6.1,completed
T0000807,R002,V185,inbound,2025-10-10,2025-10-10 07:15:00,2025-10-10 07:16:12,2025-10-10 08:13:00,2025-10-10 08:16:06,58.0,3.1,completed
T0000808,R002,V042,inbound,2025-10-10,2025-10-10 06:17:00,2025-10-10 06:17:48,2025-10-10 07:12:00,2025-10-10 07:14:00,55.0,2.0,completed
T0000809,R002,V076,outbound,2025-10-10,2025-10-10 15:34:00,2025-10-10 15:35:06,2025-10-10 16:29:00,2025-10-10 16:31:42,55.0,2.7,completed
T0000810,R002,V214,outbound,2025-10-10,2025-10-10 06:31:00,2025-10-10 06:31:48,2025-10-10 07:21:00,2025-10-10 07:22:54,50.0,1.9,completed
T0000811,R002,V083,outbound,2025-10-10,2025-10-10 08:24:00,2025-10-10 08:25:12,2025-10-10 09:19:00,2025-10-10 09:22:06,55.0,3.1,completed
T0000812,R002,V005,inbound,2025-10-10,2025-10-10 17:19:00,2025-10-10 17:20:48,2025-10-10 18:15:00,2025-10-10 18:19:30,56.0,4.5,completed
T0000813,R002,V091,outbound,2025-10-10,2025-10-10 19:13:00,2025-10-10 19:14:54,2025-10-10 20:09:00,2025-10-10 20:13:48,56.0,4.8,completed
T0000814,R002,V082,outbound,2025-10-10,2025-10-10 12:12:00,2025-10-10 12:12:42,2025-10-10 13:12:00,2025-10-10 13:13:42,60.0,1.7,completed
T0000815,R002,V189,outbound,2025-10-10,2025-10-10 06:17:00,2025-10-10 06:18:00,2025-10-10 07:12:00,2025-10-10 07:14:36,55.0,2.6,completed
T0000816,R002,V188,outbound,2025-10-10,2025-10-10 17:24:00,2025-10-10 17:26:30,2025-10-10 18:15:00,2025-10-10 18:21:12,51.0,6.2,completed
T0000817,R002,V248,inbound,2025-10-10,2025-10-10 12:48:00,2025-10-10 12:48:42,2025-10-10 13:50:00,2025-10-10 13:51:48,62.0,1.8,completed
T0000818,R002,V038,inbound,2025-10-10,2025-10-10 08:52:00,2025-10-10 08:53:30,2025-10-10 09:46:00,2025-10-10 09:49:48,54.0,3.8,completed
T0000819,R002,V247,inbound,2025-10-10,2025-10-10 18:46:00,2025-10-10 18:49:06,2025-10-10 19:41:00,2025-10-10 19:48:42,55.0,7.7,completed
T0000820,R002,V021,inbound,2025-10-10,2025-10-10 05:35:00,2025-10-10 05:35:24,2025-10-10 06:28:00,2025-10-10 06:29:00,53.0,1.0,completed
T0000821,R002,V143,outbound,2025-10-11,2025-10-11 19:54:00,2025-10-11 19:54:18,2025-10-11 20:51:00,2025-10-11 20:51:48,57.0,0.8,completed
T0000822,R002,V054,outbound,2025-10-11,2025-10-11 21:07:00,2025-10-11 21:05:48,2025-10-11 22:08:00,2025-10-11 22:05:06,61.0,-2.9,completed
T0000823,R002,V220,outbound,2025-10-11,2025-10-11 12:11:00,2025-10-11 12:11:24,2025-10-11 13:04:00,2025-10-11 13:05:06,53.0,1.1,completed
T0000824,R002,V086,outbound,2025-10-11,2025-10-11 09:04:00,2025-10-11 09:04:36,2025-10-11 09:59:00,2025-10-11 10:00:24,55.0,1.4,completed
T0000825,R002,V149,outbound,2025-10-11,2025-10-11 15:48:00,2025-10-11 15:48:18,2025-10-11 16:48:00,2025-10-11 16:48:42,60.0,0.7,completed
T0000826,R002,V117,outbound,2025-10-11,2025-10-11 19:56:00,2025-10-11 19:56:24,2025-10-11 20:51:00,2025-10-11 20:52:00,55.0,1.0,completed
T0000827,R002,V039,inbound,2025-10-11,2025-10-11 08:00:00,2025-10-11 08:00:18,2025-10-11 08:51:00,2025-10-11 08:51:48,51.0,0.8,completed
T0000828,R002,V157,inbound,2025-10-12,2025-10-12 09:44:00,2025-10-12 09:43:24,2025-10-12 10:39:00,2025-10-12 10:37:24,55.0,-1.6,completed
T0000829,R002,V129,inbound,2025-10-12,2025-10-12 10:03:00,2025-10-12 10:03:24,2025-10-12 11:03:00,2025-10-12 11:03:54,60.0,0.9,completed
T0000830,R002,V068,inbound,2025-10-12,2025-10-12 18:31:00,2025-10-12 18:31:36,2025-10-12 19:25:00,2025-10-12 19:26:24,54.0,1.4,completed
T0000831,R002,V185,outbound,2025-10-12,2025-10-12 13:35:00,2025-10-12 13:35:12,2025-10-12 14:29:00,2025-10-12 14:29:36,54.0,0.6,completed
T0000832,R002,V142,outbound,2025-10-12,2025-10-12 18:50:00,2025-10-12 18:50:24,2025-10-12 19:40:00,2025-10-12 19:40:54,50.0,0.9,completed
T0000833,R002,V165,inbound,2025-10-12,2025-10-12 15:13:00,2025-10-12 15:13:24,2025-10-12 16:05:00,2025-10-12 16:05:54,52.0,0.9,completed
T0000834,R002,V103,inbound,2025-10-12,2025-10-12 18:35:00,2025-10-12 18:35:24,2025-10-12 19:30:00,2025-10-12 19:30:54,55.0,0.9,completed
T0000835,R002,V138,inbound,2025-10-12,2025-10-12 22:29:00,2025-10-12 22:29:18,2025-10-12 23:19:00,2025-10-12 23:19:48,50.0,0.8,completed
T0000836,R002,V113,inbound,2025-10-12,2025-10-12 06:10:00,2025-10-12 06:10:24,2025-10-12 07:02:00,2025-10-12 07:02:54,52.0,0.9,completed
T0000837,R002,V020,outbound,2025-10-12,2025-10-12 08:10:00,2025-10-12 08:10:12,2025-10-12 09:11:00,2025-10-12 09:11:30,61.0,0.5,completed
T0000838,R002,V019,outbound,2025-10-12,2025-10-12 14:37:00,2025-10-12 14:37:24,2025-10-12 15:37:00,2025-10-12 15:38:06,60.0,1.1,completed
T0000839,R002,V213,outbound,2025-10-12,2025-10-12 16:57:00,2025-10-12 16:57:24,2025-10-12 17:59:00,2025-10-12 18:00:00,62.0,1.0,completed
T0000840,R002,V099,outbound,2025-10-12,2025-10-12 02:05:00,2025-10-12 02:05:12,2025-10-12 02:58:00,2025-10-12 02:58:30,53.0,0.5,completed
T0000841,R002,V074,outbound,2025-10-12,2025-10-12 15:36:00,2025-10-12 15:36:18,2025-10-12 16:27:00,2025-10-12 16:27:42,51.0,0.7,completed
T0000842,R002,V224,outbound,2025-10-12,2025-10-12 15:41:00,2025-10-12 15:41:24,2025-10-12 16:41:00,2025-10-12 16:42:06,60.0,1.1,completed
T0000843,R002,V234,inbound,2025-10-13,2025-10-13 19:24:00,2025-10-13 19:25:12,2025-10-13 20:15:00,2025-10-13 20:18:00,51.0,3.0,completed
T0000844,R002,V043,inbound,2025-10-13,2025-10-13 14:24:00,2025-10-13 14:24:24,2025-10-13 15:16:00,2025-10-13 15:17:06,52.0,1.1,completed
T0000845,R002,V140,outbound,2025-10-13,2025-10-13 20:18:00,2025-10-13 20:18:42,2025-10-13 21:18:00,2025-10-13 21:19:42,60.0,1.7,completed
T0000846,R002,V195,inbound,2025-10-13,2025-10-13 15:24:00,2025-10-13 15:24:36,2025-10-13 16:22:00,2025-10-13 16:23:24,58.0,1.4,completed
T0000847,R002,V194,outbound,2025-10-13,2025-10-13 13:30:00,2025-10-13 13:30:18,2025-10-13 14:31:00,2025-10-13 14:31:42,61.0,0.7,completed
T0000848,R002,V047,outbound,2025-10-13,2025-10-13 12:27:00,2025-10-13 12:27:30,2025-10-13 13:17:00,2025-10-13 13:18:12,50.0,1.2,completed
T0000849,R002,V160,outbound,2025-10-13,2025-10-13 07:42:00,2025-10-13 07:43:54,2025-10-13 08:40:00,2025-10-13 08:44:42,58.0,4.7,completed
T0000850,R002,V024,inbound,2025-10-13,2025-10-13 18:33:00,2025-10-13 18:34:36,2025-10-13 19:29:00,2025-10-13 19:32:54,56.0,3.9,completed
T0000851,R002,V162,inbound,2025-10-13,2025-10-13 08:37:00,2025-10-13 08:38:42,2025-10-13 09:33:00,2025-10-13 09:37:12,56.0,4.2,cancelled
T0000852,R002,V129,inbound,2025-10-13,2025-10-13 19:04:00,2025-10-13 19:05:00,2025-10-13 19:59:00,2025-10-13 20:01:24,55.0,2.4,completed
T0000853,R002,V100,inbound,2025-10-13,2025-10-13 10:44:00,2025-10-13 10:44:54,2025-10-13 11:42:00,2025-10-13 11:44:12,58.0,2.2,completed
T0000854,R002,V164,inbound,2025-10-13,2025-10-13 11:25:00,2025-10-13 11:25:30,2025-10-13 12:18:00,2025-10-13 12:19:12,53.0,1.2,completed
T0000855,R002,V111,inbound,2025-10-13,2025-10-13 10:01:00,2025-10-13 10:01:30,2025-10-13 11:02:00,2025-10-13 11:03:18,61.0,1.3,completed
T0000856,R002,V180,inbound,2025-10-13,2025-10-13 07:15:00,2025-10-13 07:15:42,2025-10-13 08:08:00,2025-10-13 08:09:48,53.0,1.8,completed
T0000857,R002,V024,outbound,2025-10-13,2025-10-13 15:06:00,2025-10-13 15:06:30,2025-10-13 16:05:00,2025-10-13 16:06:12,59.0,1.2,completed
T0000858,R002,V051,inbound,2025-10-13,2025-10-13 16:36:00,2025-10-13 16:37:24,2025-10-13 17:32:00,2025-10-13 17:35:24,56.0,3.4,completed
T0000859,R002,V094,inbound,2025-10-13,2025-10-13 18:13:00,2025-10-13 18:14:12,2025-10-13 19:13:00,2025-10-13 19:15:54,60.0,2.9,completed
T0000860,R002,V070,outbound,2025-10-13,2025-10-13 17:58:00,2025-10-13 17:59:06,2025-10-13 18:48:00,2025-10-13 18:50:48,50.0,2.8,completed
T0000861,R002,V166,inbound,2025-10-13,2025-10-13 03:09:00,2025-10-13 03:09:18,2025-10-13 04:05:00,2025-10-13 04:05:48,56.0,0.8,completed
T0000862,R002,V124,inbound,2025-10-13,2025-10-13 18:53:00,2025-10-13 18:53:54,2025-10-13 19:51:00,2025-10-13 19:53:12,58.0,2.2,completed
T0000863,R002,V006,outbound,2025-10-13,2025-10-13 11:07:00,2025-10-13 11:07:36,2025-10-13 12:02:00,2025-10-13 12:03:30,55.0,1.5,completed
T0000864,R002,V093,inbound,2025-10-13,2025-10-13 15:56:00,2025-10-13 15:55:00,2025-10-13 16:59:00,2025-10-13 16:56:24,63.0,-2.6,completed
T0000865,R002,V180,outbound,2025-10-14,2025-10-14 12:54:00,2025-10-14 12:54:24,2025-10-14 13:50:00,2025-10-14 13:50:54,56.0,0.9,completed
T0000866,R002,V170,outbound,2025-10-14,2025-10-14 14:16:00,2025-10-14 14:16:18,2025-10-14 15:09:00,2025-10-14 15:09:42,53.0,0.7,completed
T0000867,R002,V129,inbound,2025-10-14,2025-10-14 09:06:00,2025-10-14 09:05:00,2025-10-14 09:57:00,2025-10-14 09:54:30,51.0,-2.5,completed
T0000868,R002,V081,outbound,2025-10-14,2025-10-14 08:01:00,2025-10-14 08:02:12,2025-10-14 08:53:00,2025-10-14 08:55:54,52.0,2.9,completed
T0000869,R002,V020,outbound,2025-10-14,2025-10-14 09:22:00,2025-10-14 09:23:00,2025-10-14 10:18:00,2025-10-14 10:20:36,56.0,2.6,completed
T0000870,R002,V168,inbound,2025-10-14,2025-10-14 03:08:00,2025-10-14 03:08:36,2025-10-14 04:03:00,2025-10-14 04:04:24,55.0,1.4,completed
T0000871,R002,V227,outbound,2025-10-14,2025-10-14 07:57:00,2025-10-14 07:57:36,2025-10-14 08:48:00,2025-10-14 08:49:30,51.0,1.5,completed
T0000872,R002,V027,outbound,2025-10-14,2025-10-14 08:42:00,2025-10-14 08:43:30,2025-10-14 09:37:00,2025-10-14 09:40:48,55.0,3.8,completed
T0000873,R002,V045,inbound,2025-10-14,2025-10-14 18:28:00,2025-10-14 18:29:42,2025-10-14 19:26:00,2025-10-14 19:30:18,58.0,4.3,completed
T0000874,R002,V056,outbound,2025-10-14,2025-10-14 16:09:00,2025-10-14 16:09:36,2025-10-14 17:10:00,2025-10-14 17:11:24,61.0,1.4,completed
T0000875,R002,V034,outbound,2025-10-15,2025-10-15 19:05:00,2025-10-15 19:07:00,2025-10-15 20:04:00,2025-10-15 20:09:00,59.0,5.0,completed
T0000876,R002,V064,inbound,2025-10-15,2025-10-15 17:58:00,2025-10-15 17:58:48,2025-10-15 18:56:00,2025-10-15 18:58:06,58.0,2.1,completed
T0000877,R002,V003,inbound,2025-10-15,2025-10-15 18:28:00,2025-10-15 18:30:00,2025-10-15 19:19:00,2025-10-15 19:23:54,51.0,4.9,completed
T0000878,R002,V202,outbound,2025-10-15,2025-10-15 08:46:00,2025-10-15 08:47:06,2025-10-15 09:38:00,2025-10-15 09:40:42,52.0,2.7,completed
T0000879,R002,V130,inbound,2025-10-15,2025-10-15 06:05:00,2025-10-15 06:05:24,2025-10-15 06:57:00,2025-10-15 06:58:06,52.0,1.1,completed
T0000880,R002,V005,outbound,2025-10-15,2025-10-15 10:21:00,2025-10-15 10:21:36,2025-10-15 11:22:00,2025-10-15 11:23:24,61.0,1.4,completed
T0000881,R002,V034,inbound,2025-10-15,2025-10-15 08:11:00,2025-10-15 08:12:48,2025-10-15 09:10:00,2025-10-15 09:14:24,59.0,4.4,completed
T0000882,R002,V184,inbound,2025-10-15,2025-10-15 18:23:00,2025-10-15 18:24:48,2025-10-15 19:20:00,2025-10-15 19:24:36,57.0,4.6,completed
T0000883,R002,V025,outbound,2025-10-15,2025-10-15 06:29:00,2025-10-15 06:29:12,2025-10-15 07:21:00,2025-10-15 07:21:30,52.0,0.5,completed
T0000884,R002,V191,outbound,2025-10-15,2025-10-15 07:13:00,2025-10-15 07:13:24,2025-10-15 08:16:00,2025-10-15 08:17:06,63.0,1.1,completed
T0000885,R002,V081,inbound,2025-10-15,2025-10-15 05:34:00,2025-10-15 05:34:18,2025-10-15 06:32:00,2025-10-15 06:32:48,58.0,0.8,completed
T0000886,R002,V243,outbound,2025-10-15,2025-10-15 11:57:00,2025-10-15 11:57:36,2025-10-15 12:47:00,2025-10-15 12:48:24,50.0,1.4,completed
T0000887,R002,V178,outbound,2025-10-15,2025-10-15 12:10:00,2025-10-15 12:10:12,2025-10-15 13:12:00,2025-10-15 13:12:30,62.0,0.5,completed
T0000888,R002,V248,outbound,2025-10-16,2025-10-16 18:59:00,2025-10-16 19:00:36,2025-10-16 19:58:00,2025-10-16 20:02:06,59.0,4.1,completed
T0000889,R002,V028,outbound,2025-10-16,2025-10-16 22:20:00,2025-10-16 22:20:24,2025-10-16 23:13:00,2025-10-16 23:14:00,53.0,1.0,completed
T0000890,R002,V068,outbound,2025-10-16,2025-10-16 07:15:00,2025-10-16 07:14:06,2025-10-16 08:07:00,2025-10-16 08:04:42,52.0,-2.3,completed
T0000891,R002,V081,outbound,2025-10-16,2025-10-16 16:56:00,2025-10-16 16:56:48,2025-10-16 17:52:00,2025-10-16 17:54:00,56.0,2.0,completed
T0000892,R002,V053,outbound,2025-10-16,2025-10-16 06:01:00,2025-10-16 06:01:24,2025-10-16 06:59:00,2025-10-16 07:00:06,58.0,1.1,completed
T0000893,R002,V104,outbound,2025-10-16,2025-10-16 08:38:00,2025-10-16 08:39:12,2025-10-16 09:37:00,2025-10-16 09:40:06,59.0,3.1,completed
T0000894,R002,V196,inbound,2025-10-16,2025-10-16 11:23:00,2025-10-16 11:23:18,2025-10-16 12:20:00,2025-10-16 12:20:48,57.0,0.8,completed
T0000895,R002,V150,outbound,2025-10-16,2025-10-16 17:16:00,2025-10-16 17:17:18,2025-10-16 18:14:00,2025-10-16 18:17:18,58.0,3.3,completed
T0000896,R002,V113,outbound,2025-10-16,2025-10-16 08:37:00,2025-10-16 08:38:24,2025-10-16 09:34:00,2025-10-16 09:37:24,57.0,3.4,completed
T0000897,R002,V106,outbound,2025-10-16,2025-10-16 16:45:00,2025-10-16 16:45:48,2025-10-16 17:38:00,2025-10-16 17:39:54,53.0,1.9,completed
T0000898,R002,V108,outbound,2025-10-16,2025-10-16 06:22:00,2025-10-16 06:22:30,2025-10-16 07:24:00,2025-10-16 07:25:18,62.0,1.3,completed
T0000899,R002,V159,outbound,2025-10-17,2025-10-17 18:15:00,2025-10-17 18:16:24,2025-10-17 19:05:00,2025-10-17 19:08:36,50.0,3.6,completed
T0000900,R002,V202,outbound,2025-10-17,2025-10-17 09:46:00,2025-10-17 09:47:18,2025-10-17 10:38:00,2025-10-17 10:41:12,52.0,3.2,completed
T0000901,R002,V149,outbound,2025-10-17,2025-10-17 17:50:00,2025-10-17 17:52:12,2025-10-17 18:49:00,2025-10-17 18:54:24,59.0,5.4,completed
T0000902,R002,V146,inbound,2025-10-17,2025-10-17 17:00:00,2025-10-17 17:02:30,2025-10-17 17:52:00,2025-10-17 17:58:18,52.0,6.3,cancelled
T0000903,R002,V127,outbound,2025-10-17,2025-10-17 09:40:00,2025-10-17 09:41:30,2025-10-17 10:32:00,2025-10-17 10:35:48,52.0,3.8,completed
T0000904,R002,V177,inbound,2025-10-17,2025-10-17 07:07:00,2025-10-17 07:08:12,2025-10-17 07:58:00,2025-10-17 08:01:06,51.0,3.1,completed
T0000905,R002,V012,inbound,2025-10-17,2025-10-17 09:30:00,2025-10-17 09:31:18,2025-10-17 10:30:00,2025-10-17 10:33:18,60.0,3.3,completed
T0000906,R002,V111,outbound,2025-10-17,2025-10-17 13:10:00,2025-10-17 13:10:48,2025-10-17 14:03:00,2025-10-17 14:05:06,53.0,2.1,completed
T0000907,R002,V228,outbound,2025-10-17,2025-10-17 14:45:00,2025-10-17 14:45:42,2025-10-17 15:44:00,2025-10-17 15:45:48,59.0,1.8,completed
T0000908,R002,V122,outbound,2025-10-17,2025-10-17 16:01:00,2025-10-17 16:02:06,2025-10-17 16:58:00,2025-10-17 17:00:42,57.0,2.7,completed
T0000909,R002,V101,outbound,2025-10-17,2025-10-17 07:27:00,2025-10-17 07:28:36,2025-10-17 08:23:00,2025-10-17 08:26:54,56.0,3.9,completed
T0000910,R002,V079,outbound,2025-10-17,2025-10-17 20:00:00,2025-10-17 20:01:00,2025-10-17 20:57:00,2025-10-17 20:59:24,57.0,2.4,completed
T0000911,R002,V021,outbound,2025-10-17,2025-10-17 14:30:00,2025-10-17 14:30:36,2025-10-17 15:27:00,2025-10-17 15:28:30,57.0,1.5,completed
T0000912,R002,V001,outbound,2025-10-17,2025-10-17 16:56:00,2025-10-17 16:56:48,2025-10-17 17:55:00,2025-10-17 17:57:06,59.0,2.1,completed
T0000913,R002,V177,inbound,2025-10-17,2025-10-17 07:52:00,2025-10-17 07:52:54,2025-10-17 08:44:00,2025-10-17 08:46:18,52.0,2.3,completed
T0000914,R002,V079,inbound,2025-10-17,2025-10-17 08:51:00,2025-10-17 08:52:54,2025-10-17 09:52:00,2025-10-17 09:56:42,61.0,4.7,completed
T0000915,R002,V116,outbound,2025-10-17,2025-10-17 11:56:00,2025-10-17 11:56:48,2025-10-17 12:54:00,2025-10-17 12:56:00,58.0,2.0,completed
T0000916,R002,V244,outbound,2025-10-17,2025-10-17 13:19:00,2025-10-17 13:19:30,2025-10-17 14:13:00,2025-10-17 14:14:18,54.0,1.3,completed
T0000917,R002,V209,outbound,2025-10-18,2025-10-18 20:57:00,2025-10-18 20:57:12,2025-10-18 22:00:00,2025-10-18 22:00:36,63.0,0.6,completed
T0000918,R002,V102,inbound,2025-10-18,2025-10-18 11:08:00,2025-10-18 11:08:18,2025-10-18 12:00:00,2025-10-18 12:00:48,52.0,0.8,completed
T0000919,R002,V022,inbound,2025-10-18,2025-10-18 20:16:00,2025-10-18 20:16:30,2025-10-18 21:07:00,2025-10-18 21:08:18,51.0,1.3,completed
T0000920,R002,V029,outbound,2025-10-18,2025-10-18 12:10:00,2025-10-18 12:10:12,2025-10-18 13:09:00,2025-10-18 13:09:36,59.0,0.6,completed
T0000921,R002,V133,outbound,2025-10-18,2025-10-18 04:49:00,2025-10-18 04:49:12,2025-10-18 05:46:00,2025-10-18 05:46:30,57.0,0.5,completed
T0000922,R002,V167,inbound,2025-10-18,2025-10-18 10:51:00,2025-10-18 10:51:12,2025-10-18 11:42:00,2025-10-18 11:42:24,51.0,0.4,completed
T0000923,R002,V113,inbound,2025-10-18,2025-10-18 09:07:00,2025-10-18 09:07:18,2025-10-18 10:06:00,2025-10-18 10:06:42,59.0,0.7,completed
T0000924,R002,V103,inbound,2025-10-18,2025-10-18 23:09:00,2025-10-18 23:09:24,2025-10-19 00:11:00,2025-10-19 00:11:54,62.0,0.9,completed
T0000925,R002,V096,inbound,2025-10-18,2025-10-18 11:21:00,2025-10-18 11:21:36,2025-10-18 12:23:00,2025-10-18 12:24:30,62.0,1.5,completed
T0000926,R002,V009,outbound,2025-10-18,2025-10-18 04:12:00,2025-10-18 04:12:24,2025-10-18 05:15:00,2025-10-18 05:16:00,63.0,1.0,completed
T0000927,R002,V006,outbound,2025-10-19,2025-10-19 08:33:00,2025-10-19 08:33:24,2025-10-19 09:32:00,2025-10-19 09:33:00,59.0,1.0,completed
T0000928,R002,V047,outbound,2025-10-19,2025-10-19 16:17:00,2025-10-19 16:17:12,2025-10-19 17:09:00,2025-10-19 17:09:36,52.0,0.6,completed
T0000929,R002,V240,inbound,2025-10-19,2025-10-19 21:12:00,2025-10-19 21:12:24,2025-10-19 22:08:00,2025-10-19 22:09:00,56.0,1.0,completed
T0000930,R002,V241,outbound,2025-10-19,2025-10-19 11:52:00,2025-10-19 11:52:24,2025-10-19 12:53:00,2025-10-19 12:53:54,61.0,0.9,completed
T0000931,R002,V215,inbound,2025-10-19,2025-10-19 16:00:00,2025-10-19 16:00:24,2025-10-19 16:59:00,2025-10-19 16:59:54,59.0,0.9,completed
T0000932,R002,V230,outbound,2025-10-19,2025-10-19 16:59:00,2025-10-19 16:59:48,2025-10-19 18:00:00,2025-10-19 18:02:00,61.0,2.0,completed
T0000933,R002,V083,inbound,2025-10-20,2025-10-20 20:31:00,2025-10-20 20:31:42,2025-10-20 21:30:00,2025-10-20 21:31:42,59.0,1.7,completed
T0000934,R002,V176,outbound,2025-10-20,2025-10-20 07:15:00,2025-10-20 07:16:36,2025-10-20 08:16:00,2025-10-20 08:20:06,61.0,4.1,completed
T0000935,R002,V107,inbound,2025-10-20,2025-10-20 15:39:00,2025-10-20 15:39:30,2025-10-20 16:35:00,2025-10-20 16:36:12,56.0,1.2,completed
T0000936,R002,V143,inbound,2025-10-20,2025-10-20 20:00:00,2025-10-20 20:00:36,2025-10-20 21:00:00,2025-10-20 21:01:36,60.0,1.6,completed
T0000937,R002,V096,outbound,2025-10-20,2025-10-20 11:22:00,2025-10-20 11:22:24,2025-10-20 12:19:00,2025-10-20 12:20:00,57.0,1.0,completed
T0000938,R002,V067,outbound,2025-10-20,2025-10-20 19:38:00,2025-10-20 19:39:06,2025-10-20 20:32:00,2025-10-20 20:34:48,54.0,2.8,completed
T0000939,R002,V181,outbound,2025-10-20,2025-10-20 17:28:00,2025-10-20 17:29:48,2025-10-20 18:18:00,2025-10-20 18:22:36,50.0,4.6,completed
T0000940,R002,V154,inbound,2025-10-20,2025-10-20 18:36:00,2025-10-20 18:38:12,2025-10-20 19:28:00,2025-10-20 19:33:36,52.0,5.6,completed
T0000941,R002,V031,inbound,2025-10-20,2025-10-20 17:04:00,2025-10-20 17:05:48,2025-10-20 18:00:00,2025-10-20 18:04:36,56.0,4.6,completed
T0000942,R002,V101,outbound,2025-10-20,2025-10-20 20:35:00,2025-10-20 20:35:54,2025-10-20 21:34:00,2025-10-20 21:36:18,59.0,2.3,completed
T0000943,R002,V089,inbound,2025-10-20,2025-10-20 16:22:00,2025-10-20 16:22:36,2025-10-20 17:16:00,2025-10-20 17:17:30,54.0,1.5,completed
T0000944,R002,V228,inbound,2025-10-20,2025-10-20 09:02:00,2025-10-20 09:02:48,2025-10-20 10:00:00,2025-10-20 10:02:06,58.0,2.1,completed
T0000945,R002,V176,outbound,2025-10-20,2025-10-20 08:26:00,2025-10-20 08:27:18,2025-10-20 09:26:00,2025-10-20 09:29:12,60.0,3.2,completed
T0000946,R002,V202,outbound,2025-10-20,2025-10-20 09:18:00,2025-10-20 09:19:12,2025-10-20 10:11:00,2025-10-20 10:14:06,53.0,3.1,completed
T0000947,R002,V141,inbound,2025-10-20,2025-10-20 09:52:00,2025-10-20 09:51:24,2025-10-20 10:43:00,2025-10-20 10:41:36,51.0,-1.4,completed
T0000948,R002,V123,inbound,2025-10-20,2025-10-20 23:53:00,2025-10-20 23:53:30,2025-10-21 00:43:00,2025-10-21 00:44:12,50.0,1.2,completed
T0000949,R002,V232,inbound,2025-10-20,2025-10-20 10:59:00,2025-10-20 11:00:06,2025-10-20 11:57:00,2025-10-20 11:59:42,58.0,2.7,completed
T0000950,R002,V208,outbound,2025-10-20,2025-10-20 06:14:00,2025-10-20 06:14:24,2025-10-20 07:14:00,2025-10-20 07:15:00,60.0,1.0,completed
T0000951,R002,V011,inbound,2025-10-20,2025-10-20 06:14:00,2025-10-20 06:14:36,2025-10-20 07:09:00,2025-10-20 07:10:24,55.0,1.4,completed
T0000952,R002,V076,outbound,2025-10-20,2025-10-20 14:25:00,2025-10-20 14:25:42,2025-10-20 15:25:00,2025-10-20 15:26:48,60.0,1.8,completed
T0000953,R002,V006,outbound,2025-10-21,2025-10-21 16:31:00,2025-10-21 16:32:00,2025-10-21 17:34:00,2025-10-21 17:36:30,63.0,2.5,completed
T0000954,R002,V204,outbound,2025-10-21,2025-10-21 19:53:00,2025-10-21 19:54:24,2025-10-21 20:45:00,2025-10-21 20:48:30,52.0,3.5,completed
T0000955,R002,V099,inbound,2025-10-21,2025-10-21 18:36:00,2025-10-21 18:37:18,2025-10-21 19:35:00,2025-10-21 19:38:18,59.0,3.3,completed
T0000956,R002,V072,inbound,2025-10-21,2025-10-21 08:23:00,2025-10-21 08:24:12,2025-10-21 09:19:00,2025-10-21 09:22:00,56.0,3.0,completed
T0000957,R002,V025,outbound,2025-10-21,2025-10-21 15:09:00,2025-10-21 15:09:36,2025-10-21 16:06:00,2025-10-21 16:07:36,57.0,1.6,completed
T0000958,R002,V130,inbound,2025-10-21,2025-10-21 19:37:00,2025-10-21 19:38:12,2025-10-21 20:34:00,2025-10-21 20:36:54,57.0,2.9,completed
T0000959,R002,V146,inbound,2025-10-21,2025-10-21 18:52:00,2025-10-21 18:53:30,2025-10-21 19:49:00,2025-10-21 19:52:48,57.0,3.8,completed
T0000960,R002,V138,outbound,2025-10-21,2025-10-21 04:59:00,2025-10-21 04:59:24,2025-10-21 05:58:00,2025-10-21 05:58:54,59.0,0.9,completed
T0000961,R002,V226,outbound,2025-10-21,2025-10-21 08:08:00,2025-10-21 08:09:24,2025-10-21 09:03:00,2025-10-21 09:06:30,55.0,3.5,completed
T0000962,R002,V084,outbound,2025-10-21,2025-10-21 19:08:00,2025-10-21 19:09:00,2025-10-21 19:58:00,2025-10-21 20:00:30,50.0,2.5,completed
T0000963,R002,V124,outbound,2025-10-21,2025-10-21 16:45:00,2025-10-21 16:45:24,2025-10-21 17:39:00,2025-10-21 17:40:06,54.0,1.1,completed
T0000964,R002,V184,inbound,2025-10-21,2025-10-21 18:15:00,2025-10-21 18:16:48,2025-10-21 19:05:00,2025-10-21 19:09:30,50.0,4.5,completed
T0000965,R002,V203,inbound,2025-10-21,2025-10-21 19:36:00,2025-10-21 19:37:30,2025-10-21 20:34:00,2025-10-21 20:37:48,58.0,3.8,completed
T0000966,R002,V207,inbound,2025-10-21,2025-10-21 16:00:00,2025-10-21 16:00:24,2025-10-21 16:58:00,2025-10-21 16:59:06,58.0,1.1,completed
T0000967,R002,V055,inbound,2025-10-21,2025-10-21 17:59:00,2025-10-21 17:58:42,2025-10-21 18:54:00,2025-10-21 18:53:12,55.0,-0.8,completed
T0000968,R002,V183,inbound,2025-10-21,2025-10-21 17:07:00,2025-10-21 17:08:36,2025-10-21 18:05:00,2025-10-21 18:09:00,58.0,4.0,completed
T0000969,R002,V034,outbound,2025-10-21,2025-10-21 07:17:00,2025-10-21 07:18:24,2025-10-21 08:18:00,2025-10-21 08:21:24,61.0,3.4,completed
T0000970,R002,V203,inbound,2025-10-21,2025-10-21 07:42:00,2025-10-21 07:42:42,2025-10-21 08:41:00,2025-10-21 08:42:42,59.0,1.7,completed
T0000971,R002,V048,outbound,2025-10-21,2025-10-21 15:25:00,2025-10-21 15:25:24,2025-10-21 16:16:00,2025-10-21 16:16:54,51.0,0.9,completed
T0000972,R002,V082,inbound,2025-10-21,2025-10-21 04:55:00,2025-10-21 04:55:48,2025-10-21 05:45:00,2025-10-21 05:46:54,50.0,1.9,completed
T0000973,R002,V046,outbound,2025-10-22,2025-10-22 19:13:00,2025-10-22 19:14:06,2025-10-22 20:08:00,2025-10-22 20:10:48,55.0,2.8,completed
T0000974,R002,V109,inbound,2025-10-22,2025-10-22 15:10:00,2025-10-22 15:10:36,2025-10-22 16:12:00,2025-10-22 16:13:24,62.0,1.4,completed
T0000975,R002,V225,inbound,2025-10-22,2025-10-22 10:05:00,2025-10-22 10:05:42,2025-10-22 10:57:00,2025-10-22 10:58:48,52.0,1.8,completed
T0000976,R002,V159,outbound,2025-10-22,2025-10-22 12:19:00,2025-10-22 12:19:36,2025-10-22 13:09:00,2025-10-22 13:10:24,50.0,1.4,completed
T0000977,R002,V091,inbound,2025-10-22,2025-10-22 17:52:00,2025-10-22 17:53:42,2025-10-22 18:48:00,2025-10-22 18:52:18,56.0,4.3,completed
T0000978,R002,V138,outbound,2025-10-22,2025-10-22 08:33:00,2025-10-22 08:35:00,2025-10-22 09:23:00,2025-10-22 09:28:00,50.0,5.0,completed
T0000979,R002,V042,outbound,2025-10-22,2025-10-22 17:33:00,2025-10-22 17:34:36,2025-10-22 18:27:00,2025-10-22 18:31:00,54.0,4.0,completed
T0000980,R002,V033,outbound,2025-10-22,2025-10-22 13:15:00,2025-10-22 13:15:24,2025-10-22 14:07:00,2025-10-22 14:08:06,52.0,1.1,completed
T0000981,R002,V047,inbound,2025-10-22,2025-10-22 17:37:00,2025-10-22 17:38:00,2025-10-22 18:35:00,2025-10-22 18:37:24,58.0,2.4,completed
T0000982,R002,V243,inbound,2025-10-22,2025-10-22 13:02:00,2025-10-22 13:02:24,2025-10-22 14:00:00,2025-10-22 14:00:54,58.0,0.9,completed
T0000983,R002,V238,outbound,2025-10-22,2025-10-22 12:13:00,2025-10-22 12:13:12,2025-10-22 13:06:00,2025-10-22 13:06:36,53.0,0.6,completed
T0000984,R002,V094,outbound,2025-10-22,2025-10-22 07:40:00,2025-10-22 07:40:36,2025-10-22 08:35:00,2025-10-22 08:36:36,55.0,1.6,completed
T0000985,R002,V158,outbound,2025-10-22,2025-10-22 17:14:00,2025-10-22 17:13:18,2025-10-22 18:11:00,2025-10-22 18:09:12,57.0,-1.8,cancelled
T0000986,R002,V133,outbound,2025-10-22,2025-10-22 08:02:00,2025-10-22 08:03:12,2025-10-22 09:04:00,2025-10-22 09:07:00,62.0,3.0,completed
T0000987,R002,V094,outbound,2025-10-22,2025-10-22 19:46:00,2025-10-22 19:47:24,2025-10-22 20:37:00,2025-10-22 20:40:24,51.0,3.4,completed
T0000988,R002,V083,outbound,2025-10-22,2025-10-22 18:42:00,2025-10-22 18:42:36,2025-10-22 19:45:00,2025-10-22 19:46:36,63.0,1.6,completed
T0000989,R002,V122,outbound,2025-10-22,2025-10-22 07:37:00,2025-10-22 07:38:12,2025-10-22 08:27:00,2025-10-22 08:29:54,50.0,2.9,completed
T0000990,R002,V196,outbound,2025-10-23,2025-10-23 07:01:00,2025-10-23 07:02:00,2025-10-23 08:01:00,2025-10-23 08:03:24,60.0,2.4,completed
T0000991,R002,V005,outbound,2025-10-23,2025-10-23 21:33:00,2025-10-23 21:33:24,2025-10-23 22:30:00,2025-10-23 22:30:54,57.0,0.9,completed
T0000992,R002,V093,outbound,2025-10-23,2025-10-23 18:36:00,2025-10-23 18:37:42,2025-10-23 19:36:00,2025-10-23 19:40:12,60.0,4.2,completed
T0000993,R002,V107,outbound,2025-10-23,2025-10-23 18:49:00,2025-10-23 18:51:30,2025-10-23 19:42:00,2025-10-23 19:48:18,53.0,6.3,cancelled
T0000994,R002,V139,outbound,2025-10-23,2025-10-23 15:15:00,2025-10-23 15:15:24,2025-10-23 16:15:00,2025-10-23 16:16:00,60.0,1.0,completed
T0000995,R002,V191,inbound,2025-10-23,2025-10-23 11:34:00,2025-10-23 11:35:00,2025-10-23 12:28:00,2025-10-23 12:30:36,54.0,2.6,completed
T0000996,R002,V029,inbound,2025-10-23,2025-10-23 11:52:00,2025-10-23 11:52:24,2025-10-23 12:51:00,2025-10-23 12:52:06,59.0,1.1,completed
T0000997,R002,V209,inbound,2025-10-23,2025-10-23 08:14:00,2025-10-23 08:15:48,2025-10-23 09:08:00,2025-10-23 09:12:36,54.0,4.6,completed
T0000998,R002,V230,inbound,2025-10-23,2025-10-23 08:54:00,2025-10-23 08:55:54,2025-10-23 09:47:00,2025-10-23 09:51:42,53.0,4.7,completed
T0000999,R002,V215,outbound,2025-10-23,2025-10-23 08:38:00,2025-10-23 08:39:48,2025-10-23 09:33:00,2025-10-23 09:37:24,55.0,4.4,completed
T0001000,R002,V211,outbound,2025-10-23,2025-10-23 17:29:00,2025-10-23 17:30:12,2025-10-23 18:19:00,2025-10-23 18:21:54,50.0,2.9,completed
